date;clot
23/01/2006;74.05
24/01/2006;73.2
25/01/2006;73.1
26/01/2006;74.45
27/01/2006;75.25
30/01/2006;74.1
31/01/2006;74.25
01/02/2006;75.5
02/02/2006;75.2
03/02/2006;75.35
06/02/2006;75.25
07/02/2006;74.5
08/02/2006;74.4
09/02/2006;75.5
10/02/2006;75.3
13/02/2006;75.4
14/02/2006;75.05
15/02/2006;75.15
16/02/2006;75.15
17/02/2006;74.9
20/02/2006;74.1
21/02/2006;75.05
22/02/2006;76.7
23/02/2006;77.2
24/02/2006;76.85
27/02/2006;77.2
28/02/2006;76.25
01/03/2006;76.55
02/03/2006;79.35
03/03/2006;80.6
06/03/2006;80.2
07/03/2006;79.55
08/03/2006;78.35
09/03/2006;79.25
10/03/2006;80.4
13/03/2006;81.15
14/03/2006;81
15/03/2006;80.8
16/03/2006;81.15
17/03/2006;81.3
20/03/2006;81.45
21/03/2006;81.05
22/03/2006;81.05
23/03/2006;80.9
24/03/2006;81.1
27/03/2006;80.6
28/03/2006;80.55
29/03/2006;80.85
30/03/2006;81.3
31/03/2006;80.9
03/04/2006;81.55
04/04/2006;81.25
05/04/2006;81.5
06/04/2006;80.7
07/04/2006;79.9
10/04/2006;80.05
11/04/2006;78.8
12/04/2006;79.05
13/04/2006;78.95
18/04/2006;79.5
19/04/2006;81.85
20/04/2006;83.6
21/04/2006;84.4
24/04/2006;84.4
25/04/2006;84.9
26/04/2006;85.3
27/04/2006;84.75
28/04/2006;83.45
02/05/2006;84.35
03/05/2006;83.55
04/05/2006;83.85
05/05/2006;84.9
08/05/2006;85.55
09/05/2006;84.85
10/05/2006;83.7
11/05/2006;84.05
12/05/2006;82.05
15/05/2006;79.85
16/05/2006;78.95
17/05/2006;75.65
18/05/2006;77.15
19/05/2006;78.4
22/05/2006;74.8
23/05/2006;77.45
24/05/2006;74.6
25/05/2006;76.4
26/05/2006;78.6
29/05/2006;78.2
30/05/2006;76.25
31/05/2006;76.7
01/06/2006;76.5
02/06/2006;77.5
05/06/2006;76.2
06/06/2006;73.9
07/06/2006;74.2
08/06/2006;71.35
09/06/2006;73.4
12/06/2006;71.75
13/06/2006;69.6
14/06/2006;70.5
15/06/2006;2006.25
16/06/2006;72.5
19/06/2006;73.35
20/06/2006;74.15
21/06/2006;74.35
22/06/2006;73.85
23/06/2006;74.1
26/06/2006;74.2
27/06/2006;74.1
28/06/2006;74.05
29/06/2006;75.3
30/06/2006;77.6
03/07/2006;77.85
04/07/2006;77.55
05/07/2006;76.1
06/07/2006;76.8
07/07/2006;76.3
10/07/2006;77.4
11/07/2006;75.9
12/07/2006;76.25
13/07/2006;74.75
14/07/2006;72.1
17/07/2006;71.35
18/07/2006;71.6
19/07/2006;74.05
20/07/2006;74.15
21/07/2006;73.45
24/07/2006;75.35
25/07/2006;76.7
26/07/2006;77.55
27/07/2006;78.75
28/07/2006;78.95
31/07/2006;78.65
01/08/2006;77.55
02/08/2006;78.85
03/08/2006;78.25
04/08/2006;79.05
07/08/2006;76.95
08/08/2006;77
09/08/2006;77
10/08/2006;75.2
11/08/2006;74.75
14/08/2006;74.75
15/08/2006;75.9
16/08/2006;76.6
17/08/2006;77.8
18/08/2006;78.3
21/08/2006;77.55
22/08/2006;78.25
23/08/2006;77.45
24/08/2006;77.35
25/08/2006;77.95
28/08/2006;78.35
29/08/2006;79.2
30/08/2006;80.7
31/08/2006;80.35
01/09/2006;80.15
04/09/2006;81.3
05/09/2006;80.9
06/09/2006;80.4
07/09/2006;77.75
08/09/2006;77.9
11/09/2006;77.8
12/09/2006;78.55
13/09/2006;78.95
14/09/2006;78.7
15/09/2006;78.65
18/09/2006;78.95
19/09/2006;78.4
20/09/2006;79.45
21/09/2006;80.25
22/09/2006;79.55
25/09/2006;78.8
26/09/2006;80.15
27/09/2006;81
28/09/2006;80.8
29/09/2006;81.25
02/10/2006;80.65
03/10/2006;80.75
04/10/2006;80.3
05/10/2006;81.75
06/10/2006;81.8
09/10/2006;80.85
10/10/2006;81.25
11/10/2006;82
12/10/2006;82.3
13/10/2006;82.9
16/10/2006;82.65
17/10/2006;80.65
18/10/2006;81.55
19/10/2006;81.85
20/10/2006;81.65
23/10/2006;82.25
24/10/2006;81.95
25/10/2006;83
26/10/2006;82.85
27/10/2006;82.25
30/10/2006;81.5
31/10/2006;81.65
01/11/2006;81.5
02/11/2006;79.7
03/11/2006;80.15
06/11/2006;81
07/11/2006;82.9
08/11/2006;82
09/11/2006;81.85
10/11/2006;81.3
13/11/2006;82.95
14/11/2006;83.1
15/11/2006;83.65
16/11/2006;83.75
17/11/2006;83.9
20/11/2006;84.05
21/11/2006;84.35
22/11/2006;83.85
23/11/2006;83.1
24/11/2006;81.9
27/11/2006;79.55
28/11/2006;79.5
29/11/2006;80.25
30/11/2006;78.3
01/12/2006;76.15
04/12/2006;76.7
05/12/2006;77.55
06/12/2006;77.2
07/12/2006;77.3
08/12/2006;77.25
11/12/2006;78.4
12/12/2006;78.25
13/12/2006;79.2
14/12/2006;79.55
15/12/2006;80.2
18/12/2006;79.8
19/12/2006;79.2
20/12/2006;80.1
21/12/2006;79.25
22/12/2006;78.15
27/12/2006;80.35
28/12/2006;80
29/12/2006;79.95
02/01/2007;80.65
03/01/2007;79.4
04/01/2007;79.45
05/01/2007;78.6
08/01/2007;78.45
09/01/2007;77.8
10/01/2007;78.55
11/01/2007;79.6
12/01/2007;78.8
15/01/2007;78.95
16/01/2007;77.65
17/01/2007;78.55
18/01/2007;78.85
19/01/2007;79.1
22/01/2007;78.55
23/01/2007;77.9
24/01/2007;78.1
25/01/2007;78.55
26/01/2007;77.9
29/01/2007;79.1
30/01/2007;81.5
31/01/2007;80.9
01/02/2007;81.15
02/02/2007;81.15
05/02/2007;80.65
06/02/2007;80.75
07/02/2007;81.3
08/02/2007;81.7
09/02/2007;82.8
12/02/2007;81.8
13/02/2007;82
14/02/2007;82.85
15/02/2007;87.7
16/02/2007;87.25
19/02/2007;87.85
20/02/2007;86.96
21/02/2007;86.95
22/02/2007;87.75
23/02/2007;88.2
26/02/2007;88
27/02/2007;84.62
28/02/2007;83.73
01/03/2007;83.25
02/03/2007;82.81
05/03/2007;82.36
06/03/2007;82.72
07/03/2007;83
08/03/2007;83.41
09/03/2007;83.96
12/03/2007;83.26
13/03/2007;82.25
14/03/2007;80.12
15/03/2007;80.78
16/03/2007;80.81
19/03/2007;82.03
20/03/2007;82.43
21/03/2007;82.6
22/03/2007;83.76
23/03/2007;83.28
26/03/2007;82.53
27/03/2007;83.06
28/03/2007;82.13
29/03/2007;83.06
30/03/2007;83.05
02/04/2007;83.12
03/04/2007;84.28
04/04/2007;84.32
05/04/2007;85
10/04/2007;85.14
11/04/2007;85.05
12/04/2007;85.2
13/04/2007;85.76
16/04/2007;86.36
17/04/2007;86.01
18/04/2007;85
19/04/2007;84.8
20/04/2007;85.77
23/04/2007;85.69
24/04/2007;85.13
25/04/2007;86.71
26/04/2007;86.67
27/04/2007;85.72
30/04/2007;85.97
02/05/2007;86.96
03/05/2007;86.68
04/05/2007;87.75
07/05/2007;87.92
08/05/2007;86.75
09/05/2007;86.67
10/05/2007;85.62
11/05/2007;86.06
14/05/2007;85.69
15/05/2007;85.19
16/05/2007;85.83
17/05/2007;85.43
18/05/2007;86.35
21/05/2007;86.53
22/05/2007;86.45
23/05/2007;87.02
24/05/2007;86.4
25/05/2007;86.61
28/05/2007;87.14
29/05/2007;87.5
30/05/2007;86.3
31/05/2007;87.72
01/06/2007;86.85
04/06/2007;86.49
05/06/2007;85.09
06/06/2007;85
07/06/2007;84.08
08/06/2007;84.05
11/06/2007;84.63
12/06/2007;84.39
13/06/2007;84.25
14/06/2007;86.3
15/06/2007;86.98
18/06/2007;86.04
19/06/2007;85.01
20/06/2007;85.38
21/06/2007;85.48
22/06/2007;84.84
25/06/2007;84.79
26/06/2007;83.74
27/06/2007;83.53
28/06/2007;84.58
29/06/2007;85.54
02/07/2007;84.59
03/07/2007;84.89
04/07/2007;85.02
05/07/2007;84.74
06/07/2007;84.87
09/07/2007;85
10/07/2007;83.8
11/07/2007;83.25
12/07/2007;84
13/07/2007;84.37
16/07/2007;84.41
17/07/2007;83.99
18/07/2007;82.7
19/07/2007;83.43
20/07/2007;82.12
23/07/2007;82.9
24/07/2007;82.54
25/07/2007;82.08
26/07/2007;80.25
27/07/2007;81.01
30/07/2007;80.71
31/07/2007;82.76
01/08/2007;81.32
02/08/2007;81.11
03/08/2007;80.21
06/08/2007;79.35
07/08/2007;81.23
08/08/2007;83.5
09/08/2007;82.83
10/08/2007;81.2
13/08/2007;82.2
14/08/2007;80.8
15/08/2007;79.99
16/08/2007;77.49
17/08/2007;78.9
20/08/2007;79.53
21/08/2007;79.85
22/08/2007;80.62
23/08/2007;80.41
24/08/2007;80.71
27/08/2007;81.23
28/08/2007;79.6
29/08/2007;78.99
30/08/2007;80.77
31/08/2007;81.99
03/09/2007;81.33
04/09/2007;81.63
05/09/2007;79.75
06/09/2007;80.87
07/09/2007;78.99
10/09/2007;78.33
11/09/2007;79.18
12/09/2007;79.89
13/09/2007;80.2
14/09/2007;80.19
17/09/2007;78.92
18/09/2007;80.5
19/09/2007;82.29
20/09/2007;81.66
21/09/2007;82.82
24/09/2007;82.69
25/09/2007;82.55
26/09/2007;83
27/09/2007;83.37
28/09/2007;84.07
01/10/2007;85.12
02/10/2007;85.55
03/10/2007;85.49
04/10/2007;85.92
05/10/2007;85.99
08/10/2007;86.1
09/10/2007;86.21
10/10/2007;85.65
11/10/2007;85.97
12/10/2007;85.5
15/10/2007;87.68
16/10/2007;86.48
17/10/2007;88.15
18/10/2007;87.07
19/10/2007;87.82
22/10/2007;86.63
23/10/2007;86.07
24/10/2007;86.03
25/10/2007;87.81
26/10/2007;88.23
29/10/2007;88.93
30/10/2007;88.12
31/10/2007;88.88
01/11/2007;87.72
02/11/2007;86.13
05/11/2007;85.9
06/11/2007;86.07
07/11/2007;84.4
08/11/2007;83.46
09/11/2007;81.77
12/11/2007;80.82
13/11/2007;81.5
14/11/2007;82.82
15/11/2007;81.95
16/11/2007;80.77
19/11/2007;79.33
20/11/2007;79.69
21/11/2007;78
22/11/2007;78.97
23/11/2007;80.28
26/11/2007;80.45
27/11/2007;79.74
28/11/2007;82.4
29/11/2007;82.61
30/11/2007;82.94
03/12/2007;82.38
04/12/2007;81.71
05/12/2007;82.6
06/12/2007;83.39
07/12/2007;84.34
10/12/2007;84.55
11/12/2007;84.37
12/12/2007;84.7
13/12/2007;82.4
14/12/2007;82.89
17/12/2007;81.8
18/12/2007;80.96
19/12/2007;81.1
20/12/2007;81.15
21/12/2007;82
24/12/2007;82.38
27/12/2007;82.59
28/12/2007;82.87
31/12/2007;82.68
02/01/2008;82.1
03/01/2008;81.54
04/01/2008;79.11
07/01/2008;79.09
08/01/2008;79.14
09/01/2008;76.16
10/01/2008;75.17
11/01/2008;73.17
14/01/2008;73.57
15/01/2008;70.8
16/01/2008;70.99
17/01/2008;69.93
18/01/2008;70.11
21/01/2008;65.41
22/01/2008;67.49
23/01/2008;64.52
24/01/2008;70.31
25/01/2008;69.78
28/01/2008;68.77
29/01/2008;70.11
30/01/2008;69.42
31/01/2008;68.53
01/02/2008;71.17
04/02/2008;71.25
05/02/2008;68.98
06/02/2008;69.71
07/02/2008;68.95
08/02/2008;68.91
11/02/2008;68
12/02/2008;70.55
13/02/2008;70.33
14/02/2008;70.5
15/02/2008;69
18/02/2008;70.12
19/02/2008;70.47
20/02/2008;69.51
21/02/2008;70.76
22/02/2008;70.35
25/02/2008;71.86
26/02/2008;72.89
27/02/2008;71.77
28/02/2008;69.87
29/02/2008;68.23
03/03/2008;67.87
04/03/2008;67.38
05/03/2008;67.96
06/03/2008;67.04
07/03/2008;66.12
10/03/2008;66.09
11/03/2008;66.11
12/03/2008;68.25
13/03/2008;66.4
14/03/2008;66.21
17/03/2008;64.15
18/03/2008;65.04
19/03/2008;64.67
20/03/2008;65.12
25/03/2008;69.34
26/03/2008;69.7
27/03/2008;69.88
28/03/2008;69.49
31/03/2008;70.5
01/04/2008;73.23
02/04/2008;73.59
03/04/2008;71.71
04/04/2008;71.45
07/04/2008;71.15
08/04/2008;70.75
09/04/2008;69.65
10/04/2008;68.16
11/04/2008;66.63
14/04/2008;65.86
15/04/2008;66.65
16/04/2008;69.33
17/04/2008;68.81
18/04/2008;70.61
21/04/2008;70.27
22/04/2008;69.53
23/04/2008;70.53
24/04/2008;70.79
25/04/2008;72.44
28/04/2008;72.08
29/04/2008;71.95
30/04/2008;73.42
02/05/2008;74.83
05/05/2008;74.81
06/05/2008;74.9
07/05/2008;74.95
08/05/2008;74.3
09/05/2008;73.5
12/05/2008;73.85
13/05/2008;73.99
14/05/2008;75.01
15/05/2008;76.85
16/05/2008;76.42
19/05/2008;76.96
20/05/2008;74.3
21/05/2008;73.53
22/05/2008;73.6
23/05/2008;72.2
26/05/2008;72.5
27/05/2008;72.51
28/05/2008;74.04
29/05/2008;74.48
30/05/2008;75.21
02/06/2008;74.37
03/06/2008;74.75
04/06/2008;74.53
05/06/2008;74.66
06/06/2008;72.79
09/06/2008;72.12
10/06/2008;71.59
11/06/2008;70.47
12/06/2008;71.58
13/06/2008;72.3
16/06/2008;71.66
17/06/2008;72.37
18/06/2008;71.57
19/06/2008;70.36
20/06/2008;68.4
23/06/2008;68.12
24/06/2008;66.79
25/06/2008;67.95
26/06/2008;66.13
27/06/2008;66.05
30/06/2008;66.58
01/07/2008;66.14
02/07/2008;65.77
03/07/2008;66.82
04/07/2008;63.3
07/07/2008;64.23
08/07/2008;63.87
09/07/2008;64.45
10/07/2008;62.27
11/07/2008;60.8
14/07/2008;61.9
15/07/2008;60.35
16/07/2008;62.91
17/07/2008;64.69
18/07/2008;66.75
21/07/2008;67.57
22/07/2008;67.11
23/07/2008;68.25
24/07/2008;70.05
25/07/2008;69.9
28/07/2008;68.31
29/07/2008;68.03
30/07/2008;71.44
31/07/2008;70.95
01/08/2008;69.64
04/08/2008;69.29
05/08/2008;71.3
06/08/2008;71.92
07/08/2008;71.22
08/08/2008;72.65
11/08/2008;74.52
12/08/2008;73.97
13/08/2008;72.14
14/08/2008;70.97
15/08/2008;72.39
18/08/2008;72.92
19/08/2008;70.18
20/08/2008;70.55
21/08/2008;69.05
22/08/2008;71.08
25/08/2008;69.99
26/08/2008;70.67
27/08/2008;70.75
28/08/2008;72.96
29/08/2008;72.72
01/09/2008;73.075
02/09/2008;75.51
03/09/2008;73.21
04/09/2008;71.3
05/09/2008;69.44
08/09/2008;71
09/09/2008;71.715
10/09/2008;69.53
11/09/2008;67.335
12/09/2008;68.44
15/09/2008;66.53
16/09/2008;66.605
17/09/2008;65.24
18/09/2008;64.4
19/09/2008;68.14
22/09/2008;68.1
23/09/2008;65.195
24/09/2008;63.805
25/09/2008;65
26/09/2008;63.51
29/09/2008;61.365
30/09/2008;61.75
01/10/2008;62.5
02/10/2008;60.365
03/10/2008;60.415
06/10/2008;54.35
07/10/2008;55.335
08/10/2008;52.01
09/10/2008;51.285
10/10/2008;51.53
13/10/2008;58.18
14/10/2008;57.425
15/10/2008;53.14
16/10/2008;51.59
17/10/2008;54.635
20/10/2008;56.83
21/10/2008;55.565
22/10/2008;51.845
23/10/2008;50.46
24/10/2008;48.38
27/10/2008;46.8
28/10/2008;48.375
29/10/2008;50.1
30/10/2008;51.69
31/10/2008;51.865
03/11/2008;53.095
04/11/2008;56.865
05/11/2008;54.325
06/11/2008;49.64
07/11/2008;49.795
10/11/2008;49.305
11/11/2008;43.76
12/11/2008;43.74
13/11/2008;42.73
14/11/2008;41.335
17/11/2008;40.89
18/11/2008;40.865
19/11/2008;39.385
20/11/2008;39.49
21/11/2008;39.195
24/11/2008;44.06
25/11/2008;45.705
26/11/2008;42.98
27/11/2008;44.825
28/11/2008;44.58
01/12/2008;43.315
02/12/2008;42.62
03/12/2008;44.22
04/12/2008;43.57
05/12/2008;41.46
08/12/2008;45.8
09/12/2008;48.81
10/12/2008;48.24
11/12/2008;48.8
12/12/2008;46.66
15/12/2008;46.86
16/12/2008;47.655
17/12/2008;46.9
18/12/2008;47.42
19/12/2008;47.02
22/12/2008;45.32
23/12/2008;44.715
24/12/2008;46
29/12/2008;45.97
30/12/2008;46.785
31/12/2008;47.77
02/01/2009;48.4
05/01/2009;48.86
06/01/2009;49.45
07/01/2009;48.835
08/01/2009;47.12
09/01/2009;45.995
12/01/2009;45.455
13/01/2009;45.73
14/01/2009;40.915
15/01/2009;41
16/01/2009;40.755
19/01/2009;40
20/01/2009;40.74
21/01/2009;41.51
22/01/2009;41.92
23/01/2009;41.065
26/01/2009;43.935
27/01/2009;43.35
28/01/2009;45.605
29/01/2009;42.88
30/01/2009;42.805
02/02/2009;42
03/02/2009;42.33
04/02/2009;45.07
05/02/2009;44.4
06/02/2009;50.02
09/02/2009;49.98
10/02/2009;47.39
11/02/2009;48.82
12/02/2009;48.145
13/02/2009;48.585
16/02/2009;47.83
17/02/2009;47.39
18/02/2009;46.85
19/02/2009;47.295
20/02/2009;45.76
23/02/2009;45.245
24/02/2009;45.9
25/02/2009;46.25
26/02/2009;46.455
27/02/2009;45.38
02/03/2009;43.405
03/03/2009;44
04/03/2009;47.24
05/03/2009;45.755
06/03/2009;44.72
09/03/2009;43.205
10/03/2009;46.08
11/03/2009;48.22
12/03/2009;49.3
13/03/2009;48.39
16/03/2009;48.95
17/03/2009;47.69
18/03/2009;49.345
19/03/2009;48.97
20/03/2009;49.015
23/03/2009;48.805
24/03/2009;49.06
25/03/2009;48.865
26/03/2009;47.88
27/03/2009;46.81
30/03/2009;45.34
31/03/2009;47.29
01/04/2009;48.305
02/04/2009;51.29
03/04/2009;51.85
06/04/2009;51.385
07/04/2009;50.48
08/04/2009;50.38
09/04/2009;51.95
14/04/2009;52.76
15/04/2009;52.37
16/04/2009;53.065
17/04/2009;53.35
20/04/2009;52.45
21/04/2009;55
22/04/2009;53
23/04/2009;54.35
24/04/2009;57.905
27/04/2009;57.18
28/04/2009;55.51
29/04/2009;57.265
30/04/2009;57.39
04/05/2009;58.955
05/05/2009;58.275
06/05/2009;59.17
07/05/2009;58.535
08/05/2009;60.365
11/05/2009;59
12/05/2009;59.02
13/05/2009;57.28
14/05/2009;57.38
15/05/2009;58.02
18/05/2009;60.035
19/05/2009;61.13
20/05/2009;60.07
21/05/2009;58.37
22/05/2009;58.65
25/05/2009;58.3
26/05/2009;58.955
27/05/2009;59.5
28/05/2009;58.575
29/05/2009;58.53
01/06/2009;60.03
02/06/2009;61.345
03/06/2009;61.045
04/06/2009;59.63
05/06/2009;59
08/06/2009;58.21
09/06/2009;58.42
10/06/2009;59.23
11/06/2009;59.7
12/06/2009;59.44
15/06/2009;57.55
16/06/2009;57.63
17/06/2009;56.305
18/06/2009;55.825
19/06/2009;56.59
22/06/2009;54.725
23/06/2009;55.075
24/06/2009;55.86
25/06/2009;55.065
26/06/2009;54.155
29/06/2009;55.6
30/06/2009;54.4
01/07/2009;56.02
02/07/2009;54.61
03/07/2009;54.9
06/07/2009;55.125
07/07/2009;54.22
08/07/2009;52.97
09/07/2009;53.505
10/07/2009;53.48
13/07/2009;54.67
14/07/2009;54.8
15/07/2009;56.945
16/07/2009;57.4
17/07/2009;57.73
20/07/2009;58.85
21/07/2009;59.76
22/07/2009;60.23
23/07/2009;61.85
24/07/2009;62.54
27/07/2009;61.3
28/07/2009;61.11
29/07/2009;62.24
30/07/2009;64
31/07/2009;63.29
03/08/2009;64.09
04/08/2009;63.11
05/08/2009;62.3
06/08/2009;63.64
07/08/2009;63.7
10/08/2009;62.79
11/08/2009;62.2
12/08/2009;63.02
13/08/2009;63.5
14/08/2009;65.62
17/08/2009;63.23
18/08/2009;63.66
19/08/2009;63.19
20/08/2009;64.31
21/08/2009;65.47
24/08/2009;65.35
25/08/2009;66.25
26/08/2009;68.06
27/08/2009;66.75
28/08/2009;67.38
31/08/2009;66.69
01/09/2009;65.66
02/09/2009;65.16
03/09/2009;64.43
04/09/2009;65.06
07/09/2009;66.67
08/09/2009;67.6
09/09/2009;69.57
10/09/2009;69.17
11/09/2009;69.4
14/09/2009;69.1
15/09/2009;68.6
16/09/2009;69.2
17/09/2009;69.74
18/09/2009;68.5
21/09/2009;68.87
22/09/2009;68.89
23/09/2009;67.78
24/09/2009;67.79
25/09/2009;68.1
28/09/2009;69.26
29/09/2009;69.11
30/09/2009;68.73
01/10/2009;68.01
02/10/2009;66.1
05/10/2009;66.64
06/10/2009;68.51
07/10/2009;69.59
08/10/2009;72.33
09/10/2009;72.45
12/10/2009;72.94
13/10/2009;71.52
14/10/2009;72.7
15/10/2009;73.36
16/10/2009;72.45
19/10/2009;74.9
20/10/2009;73.49
21/10/2009;73.44
22/10/2009;72.75
23/10/2009;72
26/10/2009;71.04
27/10/2009;70.95
28/10/2009;69.5
29/10/2009;71
30/10/2009;70.65
02/11/2009;70.15
03/11/2009;69
04/11/2009;70.17
05/11/2009;71.32
06/11/2009;73.03
09/11/2009;74.9
10/11/2009;75.13
11/11/2009;75.22
12/11/2009;74.75
13/11/2009;75.2
16/11/2009;76.2
17/11/2009;74.29
18/11/2009;73.74
19/11/2009;72.76
20/11/2009;71.66
23/11/2009;73.84
24/11/2009;73.34
25/11/2009;73.8
26/11/2009;70.48
27/11/2009;70.92
30/11/2009;69.36
01/12/2009;71.27
02/12/2009;73.3
03/12/2009;72.32
04/12/2009;74.3
07/12/2009;74.54
08/12/2009;73.23
09/12/2009;72.25
10/12/2009;72.27
11/12/2009;73.62
14/12/2009;74.46
15/12/2009;75.85
16/12/2009;77
17/12/2009;75.73
18/12/2009;75.16
21/12/2009;77.4
22/12/2009;78.35
23/12/2009;77.46
24/12/2009;77.9
28/12/2009;77.91
29/12/2009;79.06
30/12/2009;78.28
31/12/2009;78.38
04/01/2010;78.7
05/01/2010;78.33
06/01/2010;79.09
07/01/2010;79.99
08/01/2010;81.07
11/01/2010;81.7
12/01/2010;79.35
13/01/2010;79.95
14/01/2010;80.06
15/01/2010;79.41
18/01/2010;80.81
19/01/2010;82.1
20/01/2010;79.89
21/01/2010;78.44
22/01/2010;77.77
25/01/2010;77.8
26/01/2010;79.44
27/01/2010;79.06
28/01/2010;78.11
29/01/2010;79.07
01/02/2010;79.33
02/02/2010;81.1
03/02/2010;81.45
04/02/2010;77.96
05/02/2010;74.87
08/02/2010;76.23
09/02/2010;77.05
10/02/2010;77.82
11/02/2010;77.58
12/02/2010;76.42
15/02/2010;77.28
16/02/2010;77.5
17/02/2010;78.69
18/02/2010;79.6
19/02/2010;79.55
22/02/2010;80.08
23/02/2010;79
24/02/2010;78.7
25/02/2010;76.76
26/02/2010;79.6
01/03/2010;81.74
02/03/2010;83.12
03/03/2010;84.43
04/03/2010;84.01
05/03/2010;86.97
08/03/2010;85.9
09/03/2010;85.69
10/03/2010;86.42
11/03/2010;85.76
12/03/2010;86.41
15/03/2010;85.68
16/03/2010;86.74
17/03/2010;86
18/03/2010;87.18
19/03/2010;86.62
22/03/2010;86.81
23/03/2010;87.54
24/03/2010;87.11
25/03/2010;87.51
26/03/2010;87.2
29/03/2010;87.6
30/03/2010;86.89
31/03/2010;86.54
01/04/2010;88.6
06/04/2010;88.34
07/04/2010;86.48
08/04/2010;84.95
09/04/2010;88.39
12/04/2010;88.75
13/04/2010;90.05
14/04/2010;90.39
15/04/2010;90.52
16/04/2010;87.53
19/04/2010;86.72
20/04/2010;88.17
21/04/2010;87.6
22/04/2010;87.17
23/04/2010;88.97
26/04/2010;90.37
27/04/2010;86.3
28/04/2010;84.86
29/04/2010;86.93
30/04/2010;86.84
03/05/2010;87.28
04/05/2010;84.21
05/05/2010;84.01
06/05/2010;83.66
07/05/2010;79.51
10/05/2010;87.53
11/05/2010;88.23
12/05/2010;91.17
13/05/2010;91.65
14/05/2010;88.06
17/05/2010;87.09
18/05/2010;88.89
19/05/2010;86.16
20/05/2010;83.41
21/05/2010;83.74
24/05/2010;82.85
25/05/2010;81.24
26/05/2010;84.08
27/05/2010;86.87
28/05/2010;85.92
31/05/2010;86.22
01/06/2010;86.72
02/06/2010;87.38
03/06/2010;89.09
04/06/2010;87.27
07/06/2010;86.74
08/06/2010;86.9
09/06/2010;90.2
10/06/2010;91.32
11/06/2010;91.91
14/06/2010;92.08
15/06/2010;91.42
16/06/2010;92.12
17/06/2010;93.25
18/06/2010;93.39
21/06/2010;96.58
22/06/2010;95.3
23/06/2010;94.28
24/06/2010;92.04
25/06/2010;90.79
28/06/2010;93.27
29/06/2010;89.24
30/06/2010;89.81
01/07/2010;85.2
02/07/2010;84.92
05/07/2010;85.04
06/07/2010;87.72
07/07/2010;87.21
08/07/2010;89.07
09/07/2010;89.9
12/07/2010;89.38
13/07/2010;91.52
14/07/2010;91.3
15/07/2010;90.95
16/07/2010;89.48
19/07/2010;88.3
20/07/2010;88.86
21/07/2010;90.06
22/07/2010;93.25
23/07/2010;94.1
26/07/2010;95.03
27/07/2010;92.26
28/07/2010;92.65
29/07/2010;92.05
30/07/2010;93.62
02/08/2010;95.31
03/08/2010;94.86
04/08/2010;95.17
05/08/2010;96.51
06/08/2010;95.63
09/08/2010;97.4
10/08/2010;96.28
11/08/2010;93.18
12/08/2010;92.93
13/08/2010;93.64
16/08/2010;93.56
17/08/2010;94.67
18/08/2010;95.09
19/08/2010;93.6
20/08/2010;92.27
23/08/2010;93.04
24/08/2010;91.72
25/08/2010;90.29
26/08/2010;91.99
27/08/2010;91.67
30/08/2010;91.6
31/08/2010;91.77
01/09/2010;95.8
02/09/2010;96.47
03/09/2010;98.31
06/09/2010;97.47
07/09/2010;97.05
08/09/2010;98.42
09/09/2010;98.28
10/09/2010;98.89
13/09/2010;99.91
14/09/2010;101.3
15/09/2010;101.15
16/09/2010;101.1
17/09/2010;100.85
20/09/2010;104.3
21/09/2010;104.95
22/09/2010;102.55
23/09/2010;102.1
24/09/2010;105.8
27/09/2010;104.1
28/09/2010;106.5
29/09/2010;106.8
30/09/2010;107.6
01/10/2010;105.15
04/10/2010;105.8
05/10/2010;107.9
06/10/2010;109.75
07/10/2010;110
08/10/2010;109.7
11/10/2010;110.4
12/10/2010;109.75
13/10/2010;110.85
14/10/2010;111.45
15/10/2010;111.9
18/10/2010;111.5
19/10/2010;108.85
20/10/2010;108.9
21/10/2010;114.25
22/10/2010;113.3
25/10/2010;116
26/10/2010;112.35
27/10/2010;111.95
28/10/2010;112.35
29/10/2010;112.6
01/11/2010;113.35
02/11/2010;114.7
03/11/2010;116
04/11/2010;119.2
05/11/2010;119.1
08/11/2010;118.75
09/11/2010;117.7
10/11/2010;116.8
11/11/2010;117.85
12/11/2010;116.1
15/11/2010;116.85
16/11/2010;115
17/11/2010;115.15
18/11/2010;118
19/11/2010;119.4
22/11/2010;119.799
23/11/2010;116.8
24/11/2010;118.95
25/11/2010;120.85
26/11/2010;119.85
29/11/2010;117.05
30/11/2010;116.85
01/12/2010;118.5
02/12/2010;122.199
03/12/2010;121.699
06/12/2010;121.449
07/12/2010;124.099
08/12/2010;121.999
09/12/2010;120.699
10/12/2010;121.499
13/12/2010;123.199
14/12/2010;123.749
15/12/2010;121.499
16/12/2010;123.549
17/12/2010;123.199
20/12/2010;123.399
21/12/2010;125.449
22/12/2010;127.699
23/12/2010;127.349
24/12/2010;127.999
27/12/2010;125.649
28/12/2010;124.649
29/12/2010;125.449
30/12/2010;123.349
31/12/2010;123.099
03/01/2011;124.349
04/01/2011;121.549
05/01/2011;119.799
06/01/2011;121.899
07/01/2011;119.35
10/01/2011;118.95
11/01/2011;121.249
12/01/2011;121.049
13/01/2011;118.85
14/01/2011;116.75
17/01/2011;116.7
18/01/2011;118.3
19/01/2011;114.4
20/01/2011;112.8
21/01/2011;112.3
24/01/2011;113.3
25/01/2011;115.65
26/01/2011;116.2
27/01/2011;114.85
28/01/2011;113.8
31/01/2011;114.05
01/02/2011;116.25
02/02/2011;116.2
03/02/2011;116.9
04/02/2011;114.05
07/02/2011;116.4
08/02/2011;119.6
09/02/2011;118.05
10/02/2011;118.85
11/02/2011;119.4
14/02/2011;119.499
15/02/2011;118.05
16/02/2011;116.9
17/02/2011;117.45
18/02/2011;116.25
21/02/2011;115.3
22/02/2011;115
23/02/2011;113.5
24/02/2011;111.2
25/02/2011;114.2
28/02/2011;114.25
01/03/2011;115.3
02/03/2011;113.15
03/03/2011;112.95
04/03/2011;111.55
07/03/2011;112.95
08/03/2011;114.3
09/03/2011;114.95
10/03/2011;113.1
11/03/2011;110
14/03/2011;106.6
15/03/2011;104.25
16/03/2011;100.8
17/03/2011;103.65
18/03/2011;105.5
21/03/2011;109
22/03/2011;108.75
23/03/2011;108.2
24/03/2011;110.2
25/03/2011;109.7
28/03/2011;110.9
29/03/2011;110.25
30/03/2011;111.65
31/03/2011;111.7
01/04/2011;113
04/04/2011;112.05
05/04/2011;113.7
06/04/2011;114
07/04/2011;111.95
08/04/2011;111.2
11/04/2011;111.15
12/04/2011;109.8
13/04/2011;111.2
14/04/2011;111.2
15/04/2011;112
18/04/2011;109.75
19/04/2011;115.2
20/04/2011;117.7
21/04/2011;119.3
26/04/2011;119.799
27/04/2011;118.75
28/04/2011;120
29/04/2011;121.249
02/05/2011;120.749
03/05/2011;120.55
04/05/2011;118
05/05/2011;118
06/05/2011;120.2
09/05/2011;118.5
10/05/2011;120.3
11/05/2011;123.049
12/05/2011;120.949
13/05/2011;120.749
16/05/2011;120.699
17/05/2011;118.6
18/05/2011;120.25
19/05/2011;120.399
20/05/2011;119.05
23/05/2011;116.05
24/05/2011;117.7
25/05/2011;117.7
26/05/2011;116.5
27/05/2011;118.35
30/05/2011;118
31/05/2011;120.9
01/06/2011;120.099
02/06/2011;118.15
03/06/2011;118.25
06/06/2011;117.55
07/06/2011;117.6
08/06/2011;116.15
09/06/2011;116.9
10/06/2011;114.8
13/06/2011;115.45
14/06/2011;116.8
15/06/2011;115
16/06/2011;113
17/06/2011;112.75
20/06/2011;113.15
21/06/2011;116.7
22/06/2011;118.35
23/06/2011;114.65
24/06/2011;116.25
27/06/2011;116.75
28/06/2011;120.6
29/06/2011;122.499
30/06/2011;124.099
01/07/2011;125.849
04/07/2011;125.499
05/07/2011;127.049
06/07/2011;126.799
07/07/2011;128.949
08/07/2011;126.899
11/07/2011;124.399
12/07/2011;123.449
13/07/2011;125.749
14/07/2011;124.699
15/07/2011;124.649
18/07/2011;122.399
19/07/2011;123.199
20/07/2011;126.149
21/07/2011;128.349
22/07/2011;129.249
25/07/2011;130.549
26/07/2011;129.999
27/07/2011;129.799
28/07/2011;128.949
29/07/2011;127.949
01/08/2011;127.299
02/08/2011;123.049
03/08/2011;121.399
04/08/2011;115.2
05/08/2011;115.2
08/08/2011;107.15
09/08/2011;111.15
10/08/2011;106.7
11/08/2011;111.3
12/08/2011;114.75
15/08/2011;115.35
16/08/2011;115.05
17/08/2011;116.85
18/08/2011;110.85
19/08/2011;107.5
22/08/2011;107.5
23/08/2011;109.2
24/08/2011;110.6
25/08/2011;111.95
26/08/2011;110.65
29/08/2011;113.15
30/08/2011;114.45
31/08/2011;117.95
01/09/2011;119.05
02/09/2011;114.15
05/09/2011;109
06/09/2011;109.25
07/09/2011;114.5
08/09/2011;115.15
09/09/2011;111.3
12/09/2011;107.7
13/09/2011;109.05
14/09/2011;111.8
15/09/2011;115.65
16/09/2011;115.25
19/09/2011;111.4
20/09/2011;115.45
21/09/2011;113.85
22/09/2011;106.9
23/09/2011;105.45
26/09/2011;104.85
27/09/2011;109.1
28/09/2011;108.8
29/09/2011;103.2
30/09/2011;99.65
03/10/2011;98.04
04/10/2011;97.79
05/10/2011;101.95
06/10/2011;105.25
07/10/2011;107.3
10/10/2011;110.1
11/10/2011;110.6
12/10/2011;114.2
13/10/2011;113.5
14/10/2011;114.4
17/10/2011;113.55
18/10/2011;114
19/10/2011;113
20/10/2011;112.15
21/10/2011;115.4
24/10/2011;117.85
25/10/2011;117.4
26/10/2011;118.4
27/10/2011;124.499
28/10/2011;122.799
31/10/2011;120.25
01/11/2011;114.85
02/11/2011;118.05
03/11/2011;118.1
04/11/2011;115.4
07/11/2011;114.3
08/11/2011;115.95
09/11/2011;114.6
10/11/2011;114.55
11/11/2011;117
14/11/2011;116.75
15/11/2011;114
16/11/2011;114.45
17/11/2011;113.15
18/11/2011;112.4
21/11/2011;108.15
22/11/2011;108.75
23/11/2011;106.6
24/11/2011;106.9
25/11/2011;108.1
28/11/2011;112.3
29/11/2011;112
30/11/2011;116.6
01/12/2011;116
02/12/2011;116.25
05/12/2011;115.15
06/12/2011;115.35
07/12/2011;114.65
08/12/2011;111.85
09/12/2011;114.45
12/12/2011;111.35
13/12/2011;110
14/12/2011;105.9
15/12/2011;105.4
16/12/2011;104.1
19/12/2011;104.5
20/12/2011;105.7
21/12/2011;105.6
22/12/2011;106.65
23/12/2011;108.4
27/12/2011;107.9
28/12/2011;107
29/12/2011;108.25
30/12/2011;109.4
02/01/2012;111.35
03/01/2012;112.15
04/01/2012;110.9
05/01/2012;109.95
06/01/2012;108.9
09/01/2012;110.05
10/01/2012;115.2
11/01/2012;113.6
12/01/2012;114.3
13/01/2012;113.8
16/01/2012;117.05
17/01/2012;117.2
18/01/2012;118.05
19/01/2012;120.2
20/01/2012;120.55
23/01/2012;120.55
24/01/2012;120.399
25/01/2012;121.049
26/01/2012;123.499
27/01/2012;122.549
30/01/2012;120.999
31/01/2012;123.599
01/02/2012;126.799
02/02/2012;126.399
03/02/2012;129.299
06/02/2012;128.649
07/02/2012;125.299
08/02/2012;123.699
09/02/2012;123.849
10/02/2012;123.649
13/02/2012;124.399
14/02/2012;125.049
15/02/2012;126.449
16/02/2012;125.099
17/02/2012;125.299
20/02/2012;127.249
21/02/2012;127.599
22/02/2012;126.099
23/02/2012;127.499
24/02/2012;126.349
27/02/2012;124.699
28/02/2012;126.549
29/02/2012;126.299
01/03/2012;128.799
02/03/2012;129.149
05/03/2012;128.599
06/03/2012;124.599
07/03/2012;125.949
08/03/2012;129.999
09/03/2012;129.699
12/03/2012;132.449
13/03/2012;134.599
14/03/2012;133.599
15/03/2012;134.999
16/03/2012;135.399
19/03/2012;134.699
20/03/2012;131.499
21/03/2012;132.149
22/03/2012;128.849
23/03/2012;128.349
26/03/2012;129.699
27/03/2012;130.299
28/03/2012;129.949
29/03/2012;126.149
30/03/2012;128.849
02/04/2012;132.049
03/04/2012;129.999
04/04/2012;126.899
05/04/2012;128.999
10/04/2012;125.699
11/04/2012;127.199
12/04/2012;129.899
13/04/2012;127.149
16/04/2012;130.299
17/04/2012;130.499
18/04/2012;126.199
19/04/2012;123.099
20/04/2012;123.399
23/04/2012;119.799
24/04/2012;122.249
25/04/2012;124.299
26/04/2012;124.899
27/04/2012;126.249
30/04/2012;125.149
02/05/2012;128.399
03/05/2012;129.349
04/05/2012;125.749
07/05/2012;127.499
08/05/2012;123.199
09/05/2012;124.549
10/05/2012;122.399
11/05/2012;123.349
14/05/2012;121.049
15/05/2012;122.349
16/05/2012;122.999
17/05/2012;122.249
18/05/2012;119.749
21/05/2012;120.2
22/05/2012;123.499
23/05/2012;119.449
24/05/2012;117.3
25/05/2012;118.3
28/05/2012;118.6
29/05/2012;121.899
30/05/2012;118.9
31/05/2012;119.4
01/06/2012;112.65
04/06/2012;111.7
05/06/2012;113.5
06/06/2012;118.25
07/06/2012;120.999
08/06/2012;119.35
11/06/2012;120.25
12/06/2012;119.3
13/06/2012;118.6
14/06/2012;117.55
15/06/2012;118.25
18/06/2012;118.35
19/06/2012;121.499
20/06/2012;119.6
21/06/2012;119.6
22/06/2012;116.7
25/06/2012;114.1
26/06/2012;115
27/06/2012;116.25
28/06/2012;114.6
29/06/2012;119.85
02/07/2012;120.999
03/07/2012;122.599
04/07/2012;122.749
05/07/2012;123.299
06/07/2012;120.749
09/07/2012;118.7
10/07/2012;120.449
11/07/2012;116.65
12/07/2012;114.8
13/07/2012;118.85
16/07/2012;118.3
17/07/2012;118.2
18/07/2012;120.499
19/07/2012;123.449
20/07/2012;120.999
23/07/2012;118.7
24/07/2012;119
25/07/2012;120.55
26/07/2012;124.899
27/07/2012;124.399
30/07/2012;124.449
31/07/2012;122.549
01/08/2012;123.399
02/08/2012;121.599
03/08/2012;128.199
06/08/2012;130.199
07/08/2012;132.249
08/08/2012;130.549
09/08/2012;134.149
10/08/2012;134.649
13/08/2012;134.399
14/08/2012;134.249
15/08/2012;132.999
16/08/2012;132.999
17/08/2012;133.399
20/08/2012;133.649
21/08/2012;133.999
22/08/2012;132.749
23/08/2012;131.399
24/08/2012;131.899
27/08/2012;133.499
28/08/2012;132.399
29/08/2012;131.999
30/08/2012;129.199
31/08/2012;129.799
03/09/2012;129.999
04/09/2012;127.799
05/09/2012;128.049
06/09/2012;132.299
07/09/2012;132.849
10/09/2012;132.249
11/09/2012;127.799
12/09/2012;125.249
13/09/2012;123.299
14/09/2012;126.799
17/09/2012;124.599
18/09/2012;124.349
19/09/2012;125.349
20/09/2012;123.999
21/09/2012;122.549
24/09/2012;122.849
25/09/2012;123.049
26/09/2012;121.099
27/09/2012;119.499
28/09/2012;117
01/10/2012;120.6
02/10/2012;120.749
03/10/2012;118.85
04/10/2012;120.3
05/10/2012;122.099
08/10/2012;120.3
09/10/2012;118.55
10/10/2012;118.4
11/10/2012;122.949
12/10/2012;122.849
15/10/2012;123.799
16/10/2012;128.249
17/10/2012;128.899
18/10/2012;126.799
19/10/2012;125.799
22/10/2012;125.099
23/10/2012;122.399
24/10/2012;122.849
25/10/2012;122.399
26/10/2012;124.999
29/10/2012;124.799
30/10/2012;126.749
31/10/2012;125.399
01/11/2012;128.599
02/11/2012;129.999
05/11/2012;128.999
06/11/2012;129.049
07/11/2012;125.899
08/11/2012;125.549
09/11/2012;126.499
12/11/2012;126.149
13/11/2012;127.849
14/11/2012;125.649
15/11/2012;125.849
16/11/2012;123.699
19/11/2012;127.699
20/11/2012;128.999
21/11/2012;128.999
22/11/2012;128.849
23/11/2012;130.549
26/11/2012;130.849
27/11/2012;131.599
28/11/2012;133.749
29/11/2012;133.199
30/11/2012;134.899
03/12/2012;136.099
04/12/2012;136.399
05/12/2012;136.749
06/12/2012;138.299
07/12/2012;138.149
10/12/2012;138.499
11/12/2012;139.999
12/12/2012;138.549
13/12/2012;137.749
14/12/2012;137.899
17/12/2012;137.099
18/12/2012;138.049
19/12/2012;139.299
20/12/2012;139.799
21/12/2012;139.999
24/12/2012;138.799
27/12/2012;139.649
28/12/2012;137.799
31/12/2012;138.799
02/01/2013;142.149
03/01/2013;141.149
04/01/2013;141.849
07/01/2013;140.149
08/01/2013;139.399
09/01/2013;138.049
10/01/2013;136.599
11/01/2013;137.849
14/01/2013;136.999
15/01/2013;138.999
16/01/2013;140.499
17/01/2013;142.199
18/01/2013;141.449
21/01/2013;139.999
22/01/2013;139.299
23/01/2013;138.399
24/01/2013;139.599
25/01/2013;140.849
28/01/2013;140.099
29/01/2013;140.699
30/01/2013;139.499
31/01/2013;138.849
01/02/2013;139.849
04/02/2013;133.999
05/02/2013;134.999
06/02/2013;131.999
07/02/2013;130.749
08/02/2013;133.099
11/02/2013;131.349
12/02/2013;132.999
13/02/2013;133.549
14/02/2013;131.949
15/02/2013;132.999
18/02/2013;132.349
19/02/2013;133.799
20/02/2013;132.499
21/02/2013;130.549
22/02/2013;132.449
25/02/2013;133.599
26/02/2013;130.749
27/02/2013;131.399
28/02/2013;131.899
01/03/2013;131.399
04/03/2013;131.399
05/03/2013;133.799
06/03/2013;134.249
07/03/2013;134.749
08/03/2013;136.699
11/03/2013;136.099
12/03/2013;135.949
13/03/2013;136.049
14/03/2013;135.599
15/03/2013;134.199
18/03/2013;134.399
19/03/2013;132.099
20/03/2013;133.299
21/03/2013;130.649
22/03/2013;130.849
25/03/2013;129.649
26/03/2013;131.299
27/03/2013;132.699
28/03/2013;133.899
02/04/2013;136.699
03/04/2013;135.599
04/04/2013;134.399
05/04/2013;129.899
08/04/2013;131.749
09/04/2013;129.799
10/04/2013;131.999
11/04/2013;132.999
12/04/2013;130.849
15/04/2013;131.249
16/04/2013;126.249
17/04/2013;121.749
18/04/2013;120.799
19/04/2013;123.299
22/04/2013;121.849
23/04/2013;125.099
24/04/2013;128.199
25/04/2013;129.849
26/04/2013;129.149
29/04/2013;131.399
30/04/2013;131.499
02/05/2013;131.999
03/05/2013;135.199
06/05/2013;134.049
07/05/2013;133.449
08/05/2013;133.499
09/05/2013;133.799
10/05/2013;134.349
13/05/2013;133.149
14/05/2013;135.749
15/05/2013;137.899
16/05/2013;140.399
17/05/2013;141.649
20/05/2013;142.299
21/05/2013;143.199
22/05/2013;141.799
23/05/2013;137.399
24/05/2013;137.499
27/05/2013;138.199
28/05/2013;140.349
29/05/2013;137.099
30/05/2013;138.349
31/05/2013;136.649
03/06/2013;135.499
04/06/2013;134.549
05/06/2013;100.2
06/06/2013;130.799
07/06/2013;132.649
10/06/2013;132.699
11/06/2013;129.599
12/06/2013;127.699
13/06/2013;125.999
14/06/2013;125.799
17/06/2013;127.149
18/06/2013;126.849
19/06/2013;127.599
20/06/2013;122.949
21/06/2013;121.099
24/06/2013;119.25
25/06/2013;121.999
26/06/2013;125.199
27/06/2013;126.499
28/06/2013;124.499
01/07/2013;127.349
02/07/2013;126.099
03/07/2013;124.749
04/07/2013;126.299
05/07/2013;125.049
08/07/2013;128.749
09/07/2013;131.399
10/07/2013;132.399
11/07/2013;133.649
12/07/2013;133.249
15/07/2013;133.949
16/07/2013;131.649
17/07/2013;133.099
18/07/2013;133.999
19/07/2013;132.949
22/07/2013;131.599
23/07/2013;130.049
24/07/2013;130.399
25/07/2013;130.399
26/07/2013;135.049
29/07/2013;134.449
30/07/2013;135.799
31/07/2013;136.649
01/08/2013;139.999
02/08/2013;140.649
05/08/2013;140.099
06/08/2013;139.999
07/08/2013;138.949
08/08/2013;138.799
09/08/2013;139.049
12/08/2013;139.949
13/08/2013;140.099
14/08/2013;141.999
15/08/2013;139.999
16/08/2013;140.899
19/08/2013;140.849
20/08/2013;139.649
21/08/2013;139.149
22/08/2013;139.899
23/08/2013;138.999
26/08/2013;139.799
27/08/2013;135.799
28/08/2013;133.149
29/08/2013;134.599
30/08/2013;132.549
02/09/2013;135.849
03/09/2013;134.899
04/09/2013;134.549
05/09/2013;135.149
06/09/2013;137.249
09/09/2013;138.349
10/09/2013;141.999
11/09/2013;141.499
12/09/2013;140.749
13/09/2013;141.649
16/09/2013;144.949
17/09/2013;143.649
18/09/2013;145.799
19/09/2013;149.249
20/09/2013;148.049
23/09/2013;146.299
24/09/2013;148.499
25/09/2013;147.399
26/09/2013;147.099
27/09/2013;146.049
30/09/2013;145.599
01/10/2013;148.049
02/10/2013;144.749
03/10/2013;145.749
04/10/2013;146.699
07/10/2013;145.149
08/10/2013;144.299
09/10/2013;143.599
10/10/2013;145.899
11/10/2013;146.199
14/10/2013;144.799
15/10/2013;144.849
16/10/2013;138.699
17/10/2013;138.049
18/10/2013;140.999
21/10/2013;139.249
22/10/2013;140.399
23/10/2013;139.649
24/10/2013;139.799
25/10/2013;139.149
28/10/2013;139.599
29/10/2013;140.199
30/10/2013;140.699
31/10/2013;141.799
01/11/2013;141.199
04/11/2013;141.849
05/11/2013;139.649
06/11/2013;139.849
07/11/2013;139.749
08/11/2013;139.399
11/11/2013;140.349
12/11/2013;139.449
13/11/2013;138.299
14/11/2013;139.649
15/11/2013;140.349
18/11/2013;142.549
19/11/2013;141.149
20/11/2013;140.949
21/11/2013;139.449
22/11/2013;139.999
25/11/2013;142.149
26/11/2013;140.949
27/11/2013;141.649
28/11/2013;140.699
29/11/2013;138.749
02/12/2013;138.299
03/12/2013;134.449
04/12/2013;132.349
05/12/2013;131.249
06/12/2013;130.299
09/12/2013;130.999
10/12/2013;128.599
11/12/2013;128.749
12/12/2013;127.299
13/12/2013;127.249
16/12/2013;128.899
17/12/2013;128.999
18/12/2013;129.249
19/12/2013;130.049
20/12/2013;129.799
23/12/2013;130.249
24/12/2013;129.949
27/12/2013;132.349
30/12/2013;132.199
31/12/2013;132.599
02/01/2014;131.249
03/01/2014;130.999
06/01/2014;128.549
07/01/2014;127.649
08/01/2014;125.799
09/01/2014;122.949
10/01/2014;125.799
13/01/2014;126.349
14/01/2014;126.249
15/01/2014;128.699
16/01/2014;126.649
17/01/2014;126.699
20/01/2014;127.499
21/01/2014;128.999
22/01/2014;127.949
23/01/2014;125.449
24/01/2014;124.199
27/01/2014;123.249
28/01/2014;124.099
29/01/2014;123.349
30/01/2014;122.499
31/01/2014;132.149
03/02/2014;129.599
04/02/2014;130.149
05/02/2014;130.349
06/02/2014;133.699
07/02/2014;134.199
10/02/2014;133.499
11/02/2014;134.499
12/02/2014;133.849
13/02/2014;133.399
14/02/2014;134.799
17/02/2014;135.199
18/02/2014;135.749
19/02/2014;136.249
20/02/2014;137.149
21/02/2014;137.449
24/02/2014;138.749
25/02/2014;137.349
26/02/2014;135.149
27/02/2014;135.599
28/02/2014;134.849
03/03/2014;131.049
04/03/2014;133.149
05/03/2014;132.249
06/03/2014;131.649
07/03/2014;131.649
10/03/2014;131.349
11/03/2014;130.899
12/03/2014;128.999
13/03/2014;128.249
14/03/2014;126.749
17/03/2014;127.999
18/03/2014;129.099
19/03/2014;128.299
20/03/2014;129.299
21/03/2014;128.949
24/03/2014;128.449
25/03/2014;131.299
26/03/2014;132.549
27/03/2014;132.899
28/03/2014;133.749
31/03/2014;131.949
01/04/2014;134.299
02/04/2014;134.199
03/04/2014;133.549
04/04/2014;133.649
07/04/2014;133.449
08/04/2014;135.049
09/04/2014;136.449
10/04/2014;140.849
11/04/2014;141.199
14/04/2014;142.149
15/04/2014;141.999
16/04/2014;142.949
17/04/2014;142.699
22/04/2014;143.099
23/04/2014;142.299
24/04/2014;142.649
25/04/2014;141.949
28/04/2014;141.649
29/04/2014;140.299
30/04/2014;141.749
02/05/2014;140.799
05/05/2014;140.649
06/05/2014;139.999
07/05/2014;140.099
08/05/2014;142.699
09/05/2014;141.849
12/05/2014;143.249
13/05/2014;142.949
14/05/2014;142.399
15/05/2014;143.549
16/05/2014;143.749
19/05/2014;142.349
20/05/2014;142.749
21/05/2014;143.949
22/05/2014;143.549
23/05/2014;143.149
26/05/2014;144.249
27/05/2014;144.649
28/05/2014;144.199
29/05/2014;144.499
30/05/2014;145.949
02/06/2014;144.699
03/06/2014;145.049
04/06/2014;145.249
05/06/2014;145.749
06/06/2014;143.249
09/06/2014;143.449
10/06/2014;144.599
11/06/2014;144.899
12/06/2014;144.749
13/06/2014;144.399
16/06/2014;144.349
17/06/2014;145.399
18/06/2014;144.849
19/06/2014;145.699
20/06/2014;145.699
23/06/2014;145.499
24/06/2014;145.849
25/06/2014;143.699
26/06/2014;141.249
27/06/2014;140.349
30/06/2014;140.799
01/07/2014;140.999
02/07/2014;139.949
03/07/2014;141.849
04/07/2014;140.849
07/07/2014;139.649
08/07/2014;138.449
09/07/2014;139.499
10/07/2014;139.349
11/07/2014;139.349
14/07/2014;140.349
15/07/2014;138.699
16/07/2014;139.999
17/07/2014;138.549
18/07/2014;138.399
21/07/2014;138.449
22/07/2014;139.249
23/07/2014;139.799
24/07/2014;141.249
25/07/2014;131.649
28/07/2014;131.549
29/07/2014;131.699
30/07/2014;130.249
31/07/2014;128.599
01/08/2014;128.249
04/08/2014;127.449
05/08/2014;129.749
06/08/2014;129.449
07/08/2014;126.949
08/08/2014;126.649
11/08/2014;127.649
12/08/2014;127.899
13/08/2014;128.499
14/08/2014;128.199
15/08/2014;127.199
18/08/2014;128.499
19/08/2014;129.649
20/08/2014;129.849
21/08/2014;130.649
22/08/2014;129.499
25/08/2014;131.849
26/08/2014;133.149
27/08/2014;132.699
28/08/2014;131.799
29/08/2014;132.049
01/09/2014;132.899
02/09/2014;133.049
03/09/2014;136.899
04/09/2014;137.599
05/09/2014;136.649
08/09/2014;136.249
09/09/2014;135.949
10/09/2014;135.899
11/09/2014;136.799
12/09/2014;136.199
15/09/2014;136.799
16/09/2014;135.649
17/09/2014;134.649
18/09/2014;135.649
19/09/2014;134.449
22/09/2014;132.449
23/09/2014;130.749
24/09/2014;132.699
25/09/2014;130.799
26/09/2014;130.849
29/09/2014;128.849
30/09/2014;128.699
01/10/2014;127.349
02/10/2014;125.899
03/10/2014;127.849
06/10/2014;128.199
07/10/2014;125.749
08/10/2014;126.349
09/10/2014;127.099
10/10/2014;124.999
13/10/2014;125.599
14/10/2014;125.099
15/10/2014;124.899
16/10/2014;123.749
17/10/2014;125.199
20/10/2014;124.949
21/10/2014;126.549
22/10/2014;127.049
23/10/2014;128.549
24/10/2014;128.249
27/10/2014;128.449
28/10/2014;129.899
29/10/2014;131.449
30/10/2014;132.699
31/10/2014;135.349
03/11/2014;134.799
04/11/2014;131.949
05/11/2014;133.999
06/11/2014;135.299
07/11/2014;133.899
10/11/2014;135.749
11/11/2014;136.749
12/11/2014;136.149
13/11/2014;137.749
14/11/2014;137.749
17/11/2014;138.349
18/11/2014;139.449
19/11/2014;140.349
20/11/2014;139.899
21/11/2014;144.949
24/11/2014;144.299
25/11/2014;143.799
26/11/2014;142.949
27/11/2014;142.999
28/11/2014;144.499
01/12/2014;143.749
02/12/2014;142.299
03/12/2014;142.549
04/12/2014;142.399
05/12/2014;145.749
08/12/2014;144.899
09/12/2014;141.999
10/12/2014;141.099
11/12/2014;140.999
12/12/2014;137.599
15/12/2014;134.799
16/12/2014;136.799
17/12/2014;125.85
18/12/2014;130.25
19/12/2014;129.95
22/12/2014;131.05
23/12/2014;132.5
24/12/2014;131.9
29/12/2014;132.5
30/12/2014;131.15
31/12/2014;132.25
02/01/2015;130.85
05/01/2015;127.05
06/01/2015;125.6
07/01/2015;125.7
08/01/2015;129.65
09/01/2015;127.7
12/01/2015;131.95
13/01/2015;132.95
14/01/2015;132.7
15/01/2015;135.05
16/01/2015;134.2
19/01/2015;134.2
20/01/2015;136.5
21/01/2015;137.4
22/01/2015;137.85
23/01/2015;141.85
26/01/2015;144.65
27/01/2015;145.1
28/01/2015;145.2
29/01/2015;144.7
30/01/2015;143.5
02/02/2015;143.3
03/02/2015;144.5
04/02/2015;156.25
05/02/2015;153.5
06/02/2015;152.8
09/02/2015;150.6
10/02/2015;156.15
11/02/2015;156.55
12/02/2015;159.15
13/02/2015;158.5
16/02/2015;156.95
17/02/2015;157.6
18/02/2015;158.75
19/02/2015;160.8
20/02/2015;161
23/02/2015;161.25
24/02/2015;161.2
25/02/2015;161.6
26/02/2015;161.95
27/02/2015;163.9
02/03/2015;164.75
03/03/2015;162.4
04/03/2015;165.1
05/03/2015;167.7
06/03/2015;168.9
09/03/2015;167.8
10/03/2015;166.25
11/03/2015;171.5
12/03/2015;170.6
13/03/2015;171.25
16/03/2015;174.7
17/03/2015;172.7
18/03/2015;170.75
19/03/2015;168.3
20/03/2015;169.25
23/03/2015;164.5
24/03/2015;166.45
25/03/2015;163.6
26/03/2015;162.35
27/03/2015;162.25
30/03/2015;164.5
31/03/2015;164.15
01/04/2015;163.3
02/04/2015;163.55
07/04/2015;165.55
08/04/2015;167.5
09/04/2015;170.8
10/04/2015;172.4
13/04/2015;172.55
14/04/2015;168.25
15/04/2015;171.2
16/04/2015;169.05
17/04/2015;165.45
20/04/2015;165
21/04/2015;164.1
22/04/2015;160.85
23/04/2015;159.3
24/04/2015;161.05
27/04/2015;162.65
28/04/2015;158.85
29/04/2015;155.75
30/04/2015;156.6
04/05/2015;159.5
05/05/2015;154.65
06/05/2015;154.25
07/05/2015;155.9
08/05/2015;160.8
11/05/2015;158.35
12/05/2015;155.9
13/05/2015;154.4
14/05/2015;158.85
15/05/2015;158.75
18/05/2015;160.15
19/05/2015;165.95
20/05/2015;166
21/05/2015;165.6
22/05/2015;166.4
25/05/2015;165.9
26/05/2015;165
27/05/2015;167.85
28/05/2015;166.55
29/05/2015;162.15
01/06/2015;163.2
02/06/2015;165.1
03/06/2015;165.55
04/06/2015;163.45
05/06/2015;160.3
08/06/2015;160.25
09/06/2015;155.15
10/06/2015;161.55
11/06/2015;165.5
12/06/2015;162.35
15/06/2015;159.85
16/06/2015;160.3
17/06/2015;159.2
18/06/2015;159.9
19/06/2015;159.95
22/06/2015;168
23/06/2015;170.35
24/06/2015;170.85
25/06/2015;170.9
26/06/2015;171.2
29/06/2015;163.6
30/06/2015;157.15
01/07/2015;161.65
02/07/2015;158.9
03/07/2015;157.65
06/07/2015;153.25
07/07/2015;147.95
08/07/2015;149.35
09/07/2015;153.4
10/07/2015;158.75
13/07/2015;162
14/07/2015;162.7
15/07/2015;161.5
16/07/2015;162.3
17/07/2015;166.95
20/07/2015;169.15
21/07/2015;168.35
22/07/2015;167.5
23/07/2015;167.2
24/07/2015;166.05
27/07/2015;160.95
28/07/2015;165.8
29/07/2015;169
30/07/2015;168.6
31/07/2015;170.7
03/08/2015;171.15
04/08/2015;171.1
05/08/2015;175.6
06/08/2015;175.35
07/08/2015;173.45
10/08/2015;174.3
11/08/2015;164.85
12/08/2015;155.85
13/08/2015;160.4
14/08/2015;159.6
17/08/2015;160.3
18/08/2015;158.9
19/08/2015;154.1
20/08/2015;148.05
21/08/2015;145.7
24/08/2015;139.3
25/08/2015;147.55
26/08/2015;145.85
27/08/2015;50.25
28/08/2015;150.95
31/08/2015;148.65
01/09/2015;144.2
02/09/2015;147.15
03/09/2015;150.15
04/09/2015;145.95
07/09/2015;146.6
08/09/2015;147.8
09/09/2015;149.75
10/09/2015;149.25
11/09/2015;148.15
14/09/2015;147.7
15/09/2015;149.9
16/09/2015;155.55
17/09/2015;155.6
18/09/2015;150.65
21/09/2015;152.15
22/09/2015;147.4
23/09/2015;147.6
24/09/2015;144.05
25/09/2015;151.15
28/09/2015;147.15
29/09/2015;145.55
30/09/2015;152.2
01/10/2015;149.75
02/10/2015;149.2
05/10/2015;156.55
06/10/2015;159.25
07/10/2015;161
08/10/2015;162.35
09/10/2015;165.75
12/10/2015;166.5
13/10/2015;161.25
14/10/2015;159.25
15/10/2015;160.4
16/10/2015;158.65
19/10/2015;158.9
20/10/2015;158.3
21/10/2015;158.05
22/10/2015;165.15
23/10/2015;170.65
26/10/2015;169.15
27/10/2015;168.5
28/10/2015;167.7
29/10/2015;169.05
30/10/2015;169.6
02/11/2015;167.9
03/11/2015;169.75
04/11/2015;172.75
05/11/2015;173.5
06/11/2015;168.75
09/11/2015;167.3
10/11/2015;168.4
11/11/2015;171.9
12/11/2015;166.95
13/11/2015;162.4
16/11/2015;160.15
17/11/2015;165.4
18/11/2015;163.6
19/11/2015;162.4
20/11/2015;162.25
23/11/2015;161.9
24/11/2015;154.95
25/11/2015;158
26/11/2015;159.1
27/11/2015;155.95
30/11/2015;158.75
01/12/2015;157.4
02/12/2015;158.45
03/12/2015;151.2
04/12/2015;152.25
07/12/2015;154.45
08/12/2015;150.5
09/12/2015;148.85
10/12/2015;148
11/12/2015;144.95
14/12/2015;142.2
15/12/2015;147.95
16/12/2015;148.65
17/12/2015;148.9
18/12/2015;145
21/12/2015;142.7
22/12/2015;143.8
23/12/2015;146.45
24/12/2015;146.05
28/12/2015;144.1
29/12/2015;147.75
30/12/2015;147.15
31/12/2015;144.9
04/01/2016;139.2
05/01/2016;139.45
06/01/2016;136.7
07/01/2016;136.6
08/01/2016;135.35
11/01/2016;135.2
12/01/2016;139.45
13/01/2016;137.75
14/01/2016;137
15/01/2016;137.4
18/01/2016;136.75
19/01/2016;140
20/01/2016;134.65
21/01/2016;139.2
22/01/2016;143.15
25/01/2016;143.9
26/01/2016;144.9
27/01/2016;146.1
28/01/2016;143.7
29/01/2016;148.2
01/02/2016;147.75
02/02/2016;145.2
03/02/2016;151.75
04/02/2016;152.8
05/02/2016;152.7
08/02/2016;151.7
09/02/2016;147.75
10/02/2016;148.2
11/02/2016;142.55
12/02/2016;146
15/02/2016;151.45
16/02/2016;149.35
17/02/2016;155.5
18/02/2016;153.6
19/02/2016;154.5
22/02/2016;155.65
23/02/2016;152
24/02/2016;148.5
25/02/2016;150.35
26/02/2016;153.2
29/02/2016;153.8
01/03/2016;154.7
02/03/2016;155
03/03/2016;153.7
04/03/2016;153.35
07/03/2016;154.65
08/03/2016;154.8
09/03/2016;155.55
10/03/2016;154.35
11/03/2016;157.45
14/03/2016;159.5
15/03/2016;155.85
16/03/2016;155.05
17/03/2016;151.65
18/03/2016;152.35
21/03/2016;150.55
22/03/2016;148.75
23/03/2016;150.15
24/03/2016;147.2
29/03/2016;150.8
30/03/2016;154.5
31/03/2016;150.5
01/04/2016;148.8
04/04/2016;149.2
05/04/2016;145.35
06/04/2016;146.1
07/04/2016;145.15
08/04/2016;145.65
11/04/2016;146.05
12/04/2016;148.3
13/04/2016;154.55
14/04/2016;153.5
15/04/2016;152.4
18/04/2016;152.25
19/04/2016;153.45
20/04/2016;154.5
21/04/2016;152.1
22/04/2016;149.75
25/04/2016;148.8
26/04/2016;147.55
27/04/2016;147.2
28/04/2016;149.4
29/04/2016;145.1
02/05/2016;147.25
03/05/2016;144.7
04/05/2016;143.65
05/05/2016;144.4
06/05/2016;143.7
09/05/2016;145.55
10/05/2016;148.85
11/05/2016;146.45
12/05/2016;144.75
13/05/2016;145.35
16/05/2016;145.05
17/05/2016;143.95
18/05/2016;144.8
19/05/2016;142.2
20/05/2016;144.2
23/05/2016;142.4
24/05/2016;144.7
25/05/2016;143.5
26/05/2016;143.8
27/05/2016;145.05
30/05/2016;145.4
31/05/2016;144.05
01/06/2016;144.4
02/06/2016;145.35
03/06/2016;145.25
06/06/2016;145.25
07/06/2016;149.4
08/06/2016;147.55
09/06/2016;145.75
10/06/2016;142.7
13/06/2016;140.5
14/06/2016;137.1
15/06/2016;139.2
16/06/2016;137.6
17/06/2016;137.5
20/06/2016;143.9
21/06/2016;143.2
22/06/2016;142.75
23/06/2016;144.6
24/06/2016;135.15
27/06/2016;131.4
28/06/2016;134.65
29/06/2016;135.75
30/06/2016;136
01/07/2016;136.15
04/07/2016;136.9
05/07/2016;134.55
06/07/2016;132.5
07/07/2016;133.3
08/07/2016;134.4
11/07/2016;137.5
12/07/2016;139.7
13/07/2016;139.25
14/07/2016;141
15/07/2016;140
18/07/2016;140.35
19/07/2016;139.35
20/07/2016;142.15
21/07/2016;142.5
22/07/2016;142.3
25/07/2016;144.45
26/07/2016;143.7
27/07/2016;154.45
28/07/2016;153.35
29/07/2016;153.4
01/08/2016;152.9
02/08/2016;149.5
03/08/2016;149.85
04/08/2016;149.85
05/08/2016;153.4
08/08/2016;152
09/08/2016;153.6
10/08/2016;153.05
11/08/2016;156.2
12/08/2016;158.6
15/08/2016;158.7
16/08/2016;157.15
17/08/2016;156.05
18/08/2016;157.4
19/08/2016;157.05
22/08/2016;156.15
23/08/2016;156.9
24/08/2016;157.3
25/08/2016;155.6
26/08/2016;155.9
29/08/2016;155.5
30/08/2016;154.75
31/08/2016;151.7
01/09/2016;152.6
02/09/2016;156.2
05/09/2016;155.45
06/09/2016;156.15
07/09/2016;156.45
08/09/2016;154.1
09/09/2016;152.2
12/09/2016;152
13/09/2016;150.8
14/09/2016;147.4
15/09/2016;147.65
16/09/2016;146.65
19/09/2016;149.05
20/09/2016;150.05
21/09/2016;150.2
22/09/2016;154.2
23/09/2016;153.75
26/09/2016;151.75
27/09/2016;151.85
28/09/2016;152.4
29/09/2016;150.7
30/09/2016;151.8
03/10/2016;152
04/10/2016;156.6
05/10/2016;156.25
06/10/2016;155
07/10/2016;155.4
10/10/2016;157.05
11/10/2016;164.1
12/10/2016;164.35
13/10/2016;163
14/10/2016;166.8
17/10/2016;165.4
18/10/2016;166.3
19/10/2016;167.35
20/10/2016;168.1
21/10/2016;167.15
24/10/2016;168
25/10/2016;166.9
26/10/2016;168.05
27/10/2016;168
28/10/2016;167.95
31/10/2016;165.55
01/11/2016;165.15
02/11/2016;162.75
03/11/2016;162.9
04/11/2016;161.7
07/11/2016;164.25
08/11/2016;166.15
09/11/2016;165.6
10/11/2016;162.55
11/11/2016;162
14/11/2016;162.7
15/11/2016;165.8
16/11/2016;162.5
17/11/2016;165.55
18/11/2016;165.25
21/11/2016;168.3
22/11/2016;168.1
23/11/2016;167.25
24/11/2016;168.25
25/11/2016;169
28/11/2016;167.5
29/11/2016;170.75
30/11/2016;171.7
01/12/2016;170.55
02/12/2016;169.15
05/12/2016;171.1
06/12/2016;173.1
07/12/2016;175.7
08/12/2016;176.55
09/12/2016;176.1
12/12/2016;176.15
13/12/2016;177.9
14/12/2016;176.5
15/12/2016;177.75
16/12/2016;179.2
19/12/2016;179.2
20/12/2016;179
21/12/2016;179.6
22/12/2016;179.75
23/12/2016;179.3
27/12/2016;179.95
28/12/2016;180.85
29/12/2016;179.4
30/12/2016;181.4
02/01/2017;181.8
03/01/2017;179.7
04/01/2017;178.1
05/01/2017;176.95
06/01/2017;179.25
09/01/2017;180.95
10/01/2017;181.1
11/01/2017;183.25
12/01/2017;186.55
13/01/2017;188.95
16/01/2017;187.55
17/01/2017;186.85
18/01/2017;188.1
19/01/2017;190
20/01/2017;190.95
23/01/2017;190.35
24/01/2017;189.05
25/01/2017;191.4
26/01/2017;190.45
27/01/2017;186.85
30/01/2017;184.35
31/01/2017;186.6
01/02/2017;188
02/02/2017;187.5
03/02/2017;188.95
06/02/2017;185.15
07/02/2017;184.45
08/02/2017;182.35
09/02/2017;185.5
10/02/2017;185.1
13/02/2017;189.8
14/02/2017;190.15
15/02/2017;188.7
16/02/2017;189.7
17/02/2017;186.85
20/02/2017;188.1
21/02/2017;190
22/02/2017;192.5
23/02/2017;192.2
24/02/2017;190.7
27/02/2017;189.85
28/02/2017;189.45
01/03/2017;195.3
02/03/2017;194.1
03/03/2017;194.35
06/03/2017;193.75
07/03/2017;193.75
08/03/2017;194.8
09/03/2017;195.65
10/03/2017;196.4
13/03/2017;198.25
14/03/2017;198.35
15/03/2017;197.8
16/03/2017;198.75
17/03/2017;201.5
20/03/2017;200
21/03/2017;198.7
22/03/2017;199.6
23/03/2017;201.95
24/03/2017;201.1
27/03/2017;201.55
28/03/2017;201.45
29/03/2017;202.6
30/03/2017;202.9
31/03/2017;205.85
03/04/2017;204.05
04/04/2017;206.2
05/04/2017;204.75
06/04/2017;207.25
07/04/2017;209.25
10/04/2017;207.45
11/04/2017;208.6
12/04/2017;208.85
13/04/2017;208.6
18/04/2017;206.6
19/04/2017;204.8
20/04/2017;207.4
21/04/2017;206.9
24/04/2017;214.7
25/04/2017;223.15
26/04/2017;224.85
27/04/2017;225.9
28/04/2017;226.5
02/05/2017;228.05
03/05/2017;230.85
04/05/2017;234.4
05/05/2017;238.1
08/05/2017;233.65
09/05/2017;233.65
10/05/2017;232.35
11/05/2017;233.3
12/05/2017;231.5
15/05/2017;231.2
16/05/2017;232.1
17/05/2017;228
18/05/2017;229
19/05/2017;229.1
22/05/2017;228.25
23/05/2017;227.3
24/05/2017;227.1
25/05/2017;229.2
26/05/2017;227.4
29/05/2017;227
30/05/2017;226.7
31/05/2017;227.15
01/06/2017;229
02/06/2017;231.45
05/06/2017;230.25
06/06/2017;226.25
07/06/2017;228.05
08/06/2017;227
09/06/2017;227.9
12/06/2017;224.1
13/06/2017;227.65
14/06/2017;227.9
15/06/2017;226.4
16/06/2017;230.7
19/06/2017;232.8
20/06/2017;232.4
21/06/2017;231.9
22/06/2017;231.85
23/06/2017;231.65
26/06/2017;230.85
27/06/2017;229.8
28/06/2017;226.65
29/06/2017;218.25
30/06/2017;218.3
03/07/2017;220.95
04/07/2017;220.05
05/07/2017;221.8
06/07/2017;219.2
07/07/2017;216.4
10/07/2017;216.8
11/07/2017;214.5
12/07/2017;216.35
13/07/2017;216.4
14/07/2017;219.75
17/07/2017;222.35
18/07/2017;219
19/07/2017;222.25
20/07/2017;222.3
21/07/2017;219.25
24/07/2017;219.15
25/07/2017;218.85
26/07/2017;218
27/07/2017;216.05
28/07/2017;213.15
31/07/2017;212.7
01/08/2017;215.9
02/08/2017;215.05
03/08/2017;219
04/08/2017;221.9
07/08/2017;222.5
08/08/2017;222.75
09/08/2017;217.15
10/08/2017;215.15
11/08/2017;214.45
14/08/2017;216.6
15/08/2017;217.05
16/08/2017;219.1
17/08/2017;219.6
18/08/2017;217.7
21/08/2017;217
22/08/2017;218.95
23/08/2017;216.95
24/08/2017;218
25/08/2017;217
28/08/2017;215.85
29/08/2017;216.2
30/08/2017;218.85
31/08/2017;220.25
01/09/2017;221.75
04/09/2017;220.95
05/09/2017;217.8
06/09/2017;217.9
07/09/2017;220
08/09/2017;219.95
11/09/2017;225.3
12/09/2017;228.15
13/09/2017;230.25
14/09/2017;229.55
15/09/2017;230
18/09/2017;229.25
19/09/2017;229.3
20/09/2017;230
21/09/2017;229.85
22/09/2017;230.4
25/09/2017;230.75
26/09/2017;231.35
27/09/2017;230.85
28/09/2017;230.8
29/09/2017;233.45
02/10/2017;233.25
03/10/2017;234.9
04/10/2017;234.85
05/10/2017;234.2
06/10/2017;230.4
09/10/2017;232.2
10/10/2017;237.4
11/10/2017;239.4
12/10/2017;241
13/10/2017;241.8
16/10/2017;240.45
17/10/2017;239.3
18/10/2017;240.9
19/10/2017;239.95
20/10/2017;237.65
23/10/2017;241.05
24/10/2017;240.8
25/10/2017;243.95
26/10/2017;248.95
27/10/2017;253.95
30/10/2017;254.95
31/10/2017;256.1
01/11/2017;255.25
02/11/2017;254.95
03/11/2017;258.15
06/11/2017;259.55
07/11/2017;256.6
08/11/2017;254.65
09/11/2017;249.9
10/11/2017;248.5
13/11/2017;245.95
14/11/2017;245.95
15/11/2017;244.8
16/11/2017;246.95
17/11/2017;246.6
20/11/2017;249.25
21/11/2017;251.7
22/11/2017;247.05
23/11/2017;248.8
24/11/2017;249.6
27/11/2017;247.5
28/11/2017;246.95
29/11/2017;245.1
30/11/2017;244.5
01/12/2017;243.3
04/12/2017;246.95
05/12/2017;245.9
06/12/2017;248.7
07/12/2017;246.9
08/12/2017;247.4
11/12/2017;246.2
12/12/2017;246.45
13/12/2017;247
14/12/2017;244.35
15/12/2017;245.15
18/12/2017;254.05
19/12/2017;252.6
20/12/2017;250.45
21/12/2017;252.45
22/12/2017;249.5
27/12/2017;251.35
28/12/2017;247.8
29/12/2017;245.4
02/01/2018;241.3
03/01/2018;242.75
04/01/2018;245.6
05/01/2018;249.5
08/01/2018;245.5
09/01/2018;246.1
10/01/2018;242
11/01/2018;239
12/01/2018;242.15
15/01/2018;242.75
16/01/2018;243
17/01/2018;242.35
18/01/2018;238.75
19/01/2018;240.95
22/01/2018;2.1
23/01/2018;244.6
24/01/2018;241.2
25/01/2018;240.15
26/01/2018;251.9
29/01/2018;252.6
30/01/2018;251.45
31/01/2018;252.6
01/02/2018;252.15
02/02/2018;247.9
05/02/2018;242.45
06/02/2018;236.15
07/02/2018;245
08/02/2018;237.45
09/02/2018;234.9
12/02/2018;241.85
13/02/2018;237.35
14/02/2018;240.9
15/02/2018;244.3
16/02/2018;248.5
19/02/2018;245.2
20/02/2018;245.1
21/02/2018;246.7
22/02/2018;245.05
23/02/2018;246.75
26/02/2018;249.3
27/02/2018;246.95
28/02/2018;246.5
01/03/2018;244.1
02/03/2018;238.75
05/03/2018;240.75
06/03/2018;241.35
07/03/2018;241.2
08/03/2018;245.6
09/03/2018;245.95
12/03/2018;246.8
13/03/2018;243.5
14/03/2018;242.9
15/03/2018;247.35
16/03/2018;247.5
19/03/2018;246
20/03/2018;251.55
21/03/2018;252.65
22/03/2018;249.3
23/03/2018;242.9
26/03/2018;243.8
27/03/2018;245.2
28/03/2018;243.9
29/03/2018;250.2
03/04/2018;256
04/04/2018;255.85
05/04/2018;264.5
06/04/2018;262.6
09/04/2018;262.25
10/04/2018;275.15
11/04/2018;278.25
12/04/2018;281
13/04/2018;281.85
16/04/2018;282.7
17/04/2018;279.25
18/04/2018;282.8
19/04/2018;277.2
20/04/2018;279.25
23/04/2018;281.05
24/04/2018;281.75
25/04/2018;280.65
26/04/2018;281.1
27/04/2018;284.4
30/04/2018;289.3
02/05/2018;292.75
03/05/2018;291.25
04/05/2018;291.8
07/05/2018;290.95
08/05/2018;291.65
09/05/2018;292.05
10/05/2018;292.35
11/05/2018;293.6
14/05/2018;294.75
15/05/2018;298.45
16/05/2018;307
17/05/2018;308.6
18/05/2018;309
21/05/2018;311.7
22/05/2018;309
23/05/2018;303.9
24/05/2018;305.05
25/05/2018;305.85
28/05/2018;303.5
29/05/2018;297.8
30/05/2018;299.55
31/05/2018;297.05
01/06/2018;301.9
04/06/2018;304.5
05/06/2018;309.6
06/06/2018;306.25
07/06/2018;296.15
08/06/2018;300.35
11/06/2018;301.15
12/06/2018;295.3
13/06/2018;295.5
14/06/2018;302.55
15/06/2018;301.45
18/06/2018;296.7
19/06/2018;289.55
20/06/2018;286.55
21/06/2018;285.2
22/06/2018;287.4
25/06/2018;278.9
26/06/2018;281.1
27/06/2018;283.45
28/06/2018;280
29/06/2018;285.2
02/07/2018;281.45
03/07/2018;285.3
04/07/2018;284.3
05/07/2018;283.25
06/07/2018;287.6
09/07/2018;290.2
10/07/2018;293.2
11/07/2018;286
12/07/2018;289.35
13/07/2018;295.95
16/07/2018;292.95
17/07/2018;295.85
18/07/2018;298.8
19/07/2018;295.45
20/07/2018;296.25
23/07/2018;293.05
24/07/2018;301.1
25/07/2018;306.55
26/07/2018;306
27/07/2018;301.15
30/07/2018;298.65
31/07/2018;298.85
01/08/2018;298.45
02/08/2018;294.2
03/08/2018;295.3
06/08/2018;298.15
07/08/2018;303.3
08/08/2018;299.4
09/08/2018;303
10/08/2018;295.55
13/08/2018;297.5
14/08/2018;300.05
15/08/2018;291.15
16/08/2018;297.8
17/08/2018;296.9
20/08/2018;299.25
21/08/2018;298.85
22/08/2018;300.25
23/08/2018;299.5
24/08/2018;299.35
27/08/2018;302.6
28/08/2018;308.25
29/08/2018;309.5
30/08/2018;310.1
31/08/2018;301.85
03/09/2018;302.3
04/09/2018;291.7
05/09/2018;281.25
06/09/2018;280.65
07/09/2018;284.15
10/09/2018;284.8
11/09/2018;283.95
12/09/2018;290.75
13/09/2018;290.2
14/09/2018;292.35
17/09/2018;288.15
18/09/2018;288.1
19/09/2018;290.25
20/09/2018;296
21/09/2018;305.85
24/09/2018;305.7
25/09/2018;303.9
26/09/2018;305.95
27/09/2018;307.65
28/09/2018;304.6
01/10/2018;306.9
02/10/2018;300.35
03/10/2018;302.75
04/10/2018;287.95
05/10/2018;286.2
08/10/2018;281.85
09/10/2018;285.7
10/10/2018;265.3
11/10/2018;261.95
12/10/2018;262.5
15/10/2018;260.45
16/10/2018;264.25
17/10/2018;264.15
18/10/2018;260.9
19/10/2018;263.25
22/10/2018;263.25
23/10/2018;258.05
24/10/2018;259.65
25/10/2018;265.45
26/10/2018;262.45
29/10/2018;261.95
30/10/2018;259.95
31/10/2018;268.8
01/11/2018;269.8
02/11/2018;279.05
05/11/2018;277.7
06/11/2018;273
07/11/2018;276.25
08/11/2018;271
09/11/2018;266
12/11/2018;263.45
13/11/2018;269.7
14/11/2018;268.1
15/11/2018;265.4
16/11/2018;264.25
19/11/2018;259.25
20/11/2018;253.85
21/11/2018;260.65
22/11/2018;258.5
23/11/2018;258.45
26/11/2018;256.6
27/11/2018;254.2
28/11/2018;256.55
29/11/2018;256.5
30/11/2018;252.55
03/12/2018;265.25
04/12/2018;261.85
05/12/2018;259.5
06/12/2018;247.9
07/12/2018;249.5
10/12/2018;243.25
11/12/2018;249.25
12/12/2018;254.35
13/12/2018;255.85
14/12/2018;251.95
17/12/2018;200.32
18/12/2018;252
19/12/2018;252.4
20/12/2018;250.1
21/12/2018;253.45
24/12/2018;245.15
27/12/2018;247.15
28/12/2018;252.75
31/12/2018;258.2
02/01/2019;253.3
03/01/2019;243.65
04/01/2019;251.15
07/01/2019;250.7
08/01/2019;258.55
09/01/2019;261.55
10/01/2019;259.15
11/01/2019;258.3
14/01/2019;251.7
15/01/2019;250.8
16/01/2019;248.95
17/01/2019;246.55
18/01/2019;253.4
21/01/2019;257.25
22/01/2019;257.1
23/01/2019;257.35
24/01/2019;257.85
25/01/2019;261.1
28/01/2019;258.65
29/01/2019;259.75
30/01/2019;277.6
31/01/2019;279.75
01/02/2019;284.65
04/02/2019;282.6
05/02/2019;291.15
06/02/2019;288.1
07/02/2019;283.4
08/02/2019;283.55
11/02/2019;288.3
12/02/2019;294.8
13/02/2019;294.65
14/02/2019;290.85
15/02/2019;294.2
18/02/2019;295.1
19/02/2019;297.25
20/02/2019;296.6
21/02/2019;296.95
22/02/2019;299.75
25/02/2019;302.9
26/02/2019;304.25
27/02/2019;302.4
28/02/2019;302
01/03/2019;306.6
04/03/2019;308
05/03/2019;309
06/03/2019;306.9
07/03/2019;306.05
08/03/2019;305.8
11/03/2019;306.4
12/03/2019;308.6
13/03/2019;310.5
14/03/2019;315.6
15/03/2019;318.6
18/03/2019;317.15
19/03/2019;320.3
20/03/2019;318.2
21/03/2019;317.8
22/03/2019;313.45
25/03/2019;317.7
26/03/2019;322.8
27/03/2019;322.9
28/03/2019;324.1
29/03/2019;327.9
01/04/2019;333.25
02/04/2019;334.5
03/04/2019;334
04/04/2019;333.55
05/04/2019;336.05
08/04/2019;332
09/04/2019;327.3
10/04/2019;329.75
11/04/2019;344.95
12/04/2019;342.9
15/04/2019;342.95
16/04/2019;346.3
17/04/2019;350.85
18/04/2019;352.3
23/04/2019;349.1
24/04/2019;350.95
25/04/2019;347.85
26/04/2019;346.45
29/04/2019;345.35
30/04/2019;349.05
02/05/2019;351
03/05/2019;355.05
06/05/2019;344.4
07/05/2019;335.05
08/05/2019;339.6
09/05/2019;331.85
10/05/2019;333.55
13/05/2019;323.75
14/05/2019;334.3
15/05/2019;337.15
16/05/2019;341.2
17/05/2019;340.85
20/05/2019;330.05
21/05/2019;335.15
22/05/2019;336.3
23/05/2019;334
24/05/2019;336.5
27/05/2019;338.65
28/05/2019;342.6
29/05/2019;338.2
30/05/2019;341.65
31/05/2019;338.6
03/06/2019;340.5
04/06/2019;342.1
05/06/2019;349.5
06/06/2019;350.35
07/06/2019;357.05
10/06/2019;358.2
11/06/2019;359.6
12/06/2019;356.8
13/06/2019;355.25
14/06/2019;354
17/06/2019;358.3
18/06/2019;368.8
19/06/2019;366
20/06/2019;370
21/06/2019;368.3
24/06/2019;371.25
25/06/2019;371.7
26/06/2019;367.6
27/06/2019;368.35
28/06/2019;374.3
01/07/2019;374.6
02/07/2019;377.5
03/07/2019;380
04/07/2019;381.35
05/07/2019;380.8
08/07/2019;383
09/07/2019;383
10/07/2019;381
11/07/2019;383.1
12/07/2019;384
15/07/2019;380.05
16/07/2019;385.3
17/07/2019;382.7
18/07/2019;382.85
19/07/2019;382.3
22/07/2019;384.8
23/07/2019;383.3
24/07/2019;380.3
25/07/2019;376.15
26/07/2019;385.6
29/07/2019;378.75
30/07/2019;374.5
31/07/2019;375.3
01/08/2019;379.1
02/08/2019;358.4
05/08/2019;343.25
06/08/2019;350.45
07/08/2019;357.65
08/08/2019;368.25
09/08/2019;364.35
12/08/2019;356.55
13/08/2019;359.55
14/08/2019;348.15
15/08/2019;345.7
16/08/2019;348.45
19/08/2019;356.85
20/08/2019;355.7
21/08/2019;369.1
22/08/2019;361.1
23/08/2019;355.5
26/08/2019;353.6
27/08/2019;359.85
28/08/2019;355.85
29/08/2019;361.35
30/08/2019;362.4
02/09/2019;362.9
03/09/2019;355.65
04/09/2019;368.5
05/09/2019;376.4
06/09/2019;379.9
09/09/2019;378.95
10/09/2019;373.15
11/09/2019;378.15
12/09/2019;379.7
13/09/2019;382
16/09/2019;367.1
17/09/2019;367.2
18/09/2019;364.7
19/09/2019;367.3
20/09/2019;370.05
23/09/2019;366.45
24/09/2019;370.05
25/09/2019;361.2
26/09/2019;360.9
27/09/2019;360.15
30/09/2019;364.65
01/10/2019;357.1
02/10/2019;344
03/10/2019;346.8
04/10/2019;349.6
07/10/2019;353.8
08/10/2019;351.05
09/10/2019;357
10/10/2019;376.85
11/10/2019;378.2
14/10/2019;379.25
15/10/2019;380.5
16/10/2019;378.1
17/10/2019;374.75
18/10/2019;375.05
21/10/2019;374.6
22/10/2019;376.65
23/10/2019;375
24/10/2019;377.05
25/10/2019;383.95
28/10/2019;382.1
29/10/2019;380.25
30/10/2019;384.45
31/10/2019;382.5
01/11/2019;389.25
04/11/2019;397.5
05/11/2019;400.25
06/11/2019;399.55
07/11/2019;404
08/11/2019;403
11/11/2019;403.25
12/11/2019;403.4
13/11/2019;401.85
14/11/2019;403.75
15/11/2019;405.5
18/11/2019;402.25
19/11/2019;398.2
20/11/2019;398.2
21/11/2019;394.5
22/11/2019;396.25
25/11/2019;404.25
26/11/2019;407.35
27/11/2019;408.65
28/11/2019;406.75
29/11/2019;407.3
02/12/2019;396.55
03/12/2019;390.7
04/12/2019;396
05/12/2019;396.2
06/12/2019;401.35
09/12/2019;399.25
10/12/2019;396.8
11/12/2019;399.6
12/12/2019;398.2
13/12/2019;403.8
16/12/2019;409.7
17/12/2019;402.65
18/12/2019;400.85
19/12/2019;402.25
20/12/2019;410.5
23/12/2019;413.8
24/12/2019;414.1
27/12/2019;417.6
30/12/2019;414.6
31/12/2019;414.2
02/01/2020;419.15
03/01/2020;419.1
06/01/2020;415.15
07/01/2020;416
08/01/2020;418.8
09/01/2020;424.5
10/01/2020;423.65
13/01/2020;426.75
14/01/2020;431
15/01/2020;431.45
16/01/2020;431.9
17/01/2020;439.05
20/01/2020;429.75
21/01/2020;424.95
22/01/2020;423.45
23/01/2020;411.95
24/01/2020;416.3
27/01/2020;401
28/01/2020;412
29/01/2020;407.6
30/01/2020;398.9
31/01/2020;395.3
03/02/2020;396.75
04/02/2020;410.6
05/02/2020;415
06/02/2020;418.05
07/02/2020;413.95
10/02/2020;413.55
11/02/2020;412.35
12/02/2020;424.7
13/02/2020;421.55
14/02/2020;414.95
17/02/2020;414.4
18/02/2020;408.85
19/02/2020;419.05
20/02/2020;409.8
21/02/2020;404.5
24/02/2020;385.65
25/02/2020;380.05
26/02/2020;385.25
27/02/2020;369.85
28/02/2020;370.85
02/03/2020;376.1
03/03/2020;377.35
04/03/2020;385.2
05/03/2020;374.55
06/03/2020;360.35
09/03/2020;338
10/03/2020;334.8
11/03/2020;330.15
12/03/2020;301.5
13/03/2020;314.9
16/03/2020;297.6
17/03/2020;311.25
18/03/2020;287.95
19/03/2020;294.95
20/03/2020;311
23/03/2020;311.4
24/03/2020;339.15
25/03/2020;363.5
26/03/2020;363.7
27/03/2020;341.65
30/03/2020;350
31/03/2020;338.45
01/04/2020;324.65
02/04/2020;325.35
03/04/2020;325.05
06/04/2020;339.75
07/04/2020;344.5
08/04/2020;343.2
09/04/2020;347.4
14/04/2020;352
15/04/2020;342
16/04/2020;342.8
17/04/2020;358
20/04/2020;360.45
21/04/2020;350
22/04/2020;353.45
23/04/2020;348.65
24/04/2020;340.85
27/04/2020;350.95
28/04/2020;357
29/04/2020;359.8
30/04/2020;352.45
04/05/2020;338.55
05/05/2020;342.5
06/05/2020;336.4
07/05/2020;345.55
08/05/2020;352.25
11/05/2020;348.9
12/05/2020;346.85
13/05/2020;335.05
14/05/2020;331
15/05/2020;330.25
18/05/2020;350.05
19/05/2020;357.5
20/05/2020;361.75
21/05/2020;359.85
22/05/2020;355.3
25/05/2020;361.95
26/05/2020;365.4
27/05/2020;373.85
28/05/2020;386.8
29/05/2020;375
01/06/2020;378.9
02/06/2020;384.95
03/06/2020;393.45
04/06/2020;390.05
05/06/2020;404.25
08/06/2020;396.1
09/06/2020;395.3
10/06/2020;398.4
11/06/2020;375.1
12/06/2020;379.15
15/06/2020;371.45
16/06/2020;376.8
17/06/2020;379.15
18/06/2020;377.3
19/06/2020;380.05
22/06/2020;379
23/06/2020;390.65
24/06/2020;381.35
25/06/2020;383.85
26/06/2020;387.7
29/06/2020;389.5
30/06/2020;390.5
01/07/2020;391.6
02/07/2020;401.85
03/07/2020;396.7
06/07/2020;404
07/07/2020;402.65
08/07/2020;399.8
09/07/2020;400.95
10/07/2020;400.7
13/07/2020;408.35
14/07/2020;404.65
15/07/2020;412.05
16/07/2020;408.15
17/07/2020;410.25
20/07/2020;412.8
21/07/2020;409.95
22/07/2020;404
23/07/2020;403.6
24/07/2020;399.1
27/07/2020;401.4
28/07/2020;385.05
29/07/2020;387.15
30/07/2020;373.85
31/07/2020;366.75
03/08/2020;372.3
04/08/2020;371.65
05/08/2020;376.1
06/08/2020;374
07/08/2020;374
10/08/2020;371.55
11/08/2020;382.7
12/08/2020;391.2
13/08/2020;391.2
14/08/2020;386.05
17/08/2020;387.75
18/08/2020;386.05
19/08/2020;387.2
20/08/2020;383.35
21/08/2020;385.45
24/08/2020;393.45
25/08/2020;397.05
26/08/2020;403
27/08/2020;401
28/08/2020;396.35
31/08/2020;392.8
01/09/2020;396.7
02/09/2020;407.25
03/09/2020;408.4
04/09/2020;402.85
07/09/2020;408.8
08/09/2020;404.4
09/09/2020;404.05
10/09/2020;404.35
11/09/2020;416.6
14/09/2020;420.25
15/09/2020;424
16/09/2020;426.15
17/09/2020;420
18/09/2020;413.85
21/09/2020;395.55
22/09/2020;391.05
23/09/2020;400.1
24/09/2020;401.8
25/09/2020;400.2
28/09/2020;405.9
29/09/2020;409.95
30/09/2020;399.4
01/10/2020;409.7
02/10/2020;407.65
05/10/2020;412.55
06/10/2020;411.2
07/10/2020;410.75
08/10/2020;407.2
09/10/2020;411.9
12/10/2020;418.25
13/10/2020;416.75
14/10/2020;412.2
15/10/2020;403
16/10/2020;432.6
19/10/2020;432.9
20/10/2020;430.2
21/10/2020;427.8
22/10/2020;427.2
23/10/2020;428
26/10/2020;421.75
27/10/2020;418.85
28/10/2020;402.15
29/10/2020;403.8
30/10/2020;402.3
02/11/2020;405.65
03/11/2020;408.95
04/11/2020;421.8
05/11/2020;436.75
06/11/2020;435.5
09/11/2020;468.85
10/11/2020;474
11/11/2020;487.4
12/11/2020;472.85
13/11/2020;469.75
16/11/2020;477.3
17/11/2020;475
18/11/2020;486.15
19/11/2020;488.65
20/11/2020;492.55
23/11/2020;492.5
24/11/2020;494.85
25/11/2020;494.2
26/11/2020;495.75
27/11/2020;496
30/11/2020;482.9
01/12/2020;496.75
02/12/2020;497.85
03/12/2020;498
04/12/2020;492.25
07/12/2020;493.7
08/12/2020;494.45
09/12/2020;498
10/12/2020;501
11/12/2020;500.4
14/12/2020;509.2
15/12/2020;507.2
16/12/2020;505
17/12/2020;502.9
18/12/2020;499.55
21/12/2020;490.2
22/12/2020;492.3
23/12/2020;496.1
24/12/2020;496.45
28/12/2020;504
29/12/2020;512.8
30/12/2020;513.1
31/12/2020;510.9
04/01/2021;512.1
05/01/2021;506.2
06/01/2021;502.3
07/01/2021;515.3
08/01/2021;525.3
11/01/2021;522.4
12/01/2021;515.8
13/01/2021;512.1
14/01/2021;508
15/01/2021;493.95
18/01/2021;499.65
19/01/2021;491.05
20/01/2021;507.7
21/01/2021;507.6
22/01/2021;511.5
25/01/2021;501.9
26/01/2021;508
27/01/2021;506.4
28/01/2021;517
29/01/2021;498.3
01/02/2021;507.7
02/02/2021;524.9
03/02/2021;524.5
04/02/2021;525.1
05/02/2021;528.7
08/02/2021;527.9
09/02/2021;537
10/02/2021;529.5
11/02/2021;531.5
12/02/2021;529.3
15/02/2021;535.9
16/02/2021;539.8
17/02/2021;535
18/02/2021;534
19/02/2021;541.8
22/02/2021;542.9
23/02/2021;539.4
24/02/2021;532.8
25/02/2021;531
26/02/2021;525
01/03/2021;537.1
02/03/2021;539.3
03/03/2021;543.8
04/03/2021;533.9
05/03/2021;523.2
08/03/2021;534.9
09/03/2021;540.7
10/03/2021;553
11/03/2021;564.5
12/03/2021;563.4
15/03/2021;558.2
16/03/2021;560.3
17/03/2021;568.2
18/03/2021;566.3
19/03/2021;557.4
22/03/2021;556.6
23/03/2021;554.2
24/03/2021;553.4
25/03/2021;555.6
26/03/2021;554.9
29/03/2021;554.9
30/03/2021;573.5
31/03/2021;568.1
01/04/2021;571.7
06/04/2021;576.8
07/04/2021;577.2
08/04/2021;586.1
09/04/2021;588.3
12/04/2021;589.7
13/04/2021;594.8
14/04/2021;611.8
15/04/2021;616.7
16/04/2021;630
19/04/2021;624.9
20/04/2021;605.3
21/04/2021;624.6
22/04/2021;632
23/04/2021;628.1
26/04/2021;625.8
27/04/2021;632.7
28/04/2021;633.2
29/04/2021;635.7
30/04/2021;626.2
03/05/2021;630.6
04/05/2021;618.9
05/05/2021;631.8
06/05/2021;625.3
07/05/2021;631.4
10/05/2021;625
11/05/2021;612.3
12/05/2021;610.2
13/05/2021;616
14/05/2021;628.1
17/05/2021;624
18/05/2021;623
19/05/2021;619.1
20/05/2021;628.9
21/05/2021;631.6
24/05/2021;637.5
25/05/2021;639.7
26/05/2021;640.6
27/05/2021;648.4
28/05/2021;655.8
31/05/2021;652
01/06/2021;657.1
02/06/2021;661
03/06/2021;654.3
04/06/2021;651.2
07/06/2021;657.3
08/06/2021;659.7
09/06/2021;662.5
10/06/2021;657.7
11/06/2021;668.1
14/06/2021;672.6
15/06/2021;677.8
16/06/2021;682.3
17/06/2021;687.3
18/06/2021;681.1
21/06/2021;680.1
22/06/2021;681.2
23/06/2021;669.1
24/06/2021;673.2
25/06/2021;673.6
28/06/2021;667.6
29/06/2021;674
30/06/2021;661.3
01/07/2021;663.9
02/07/2021;663.4
05/07/2021;660.7
06/07/2021;655.8
07/07/2021;660.4
08/07/2021;639.2
09/07/2021;662.4
12/07/2021;666
13/07/2021;670.7
14/07/2021;671.6
15/07/2021;663.2
16/07/2021;654.3
19/07/2021;639.9
20/07/2021;645.1
21/07/2021;659.2
22/07/2021;660.4
23/07/2021;674
26/07/2021;673.4
27/07/2021;669.6
28/07/2021;688.2
29/07/2021;684
30/07/2021;673.9
02/08/2021;687
03/08/2021;695.9
04/08/2021;694.7
05/08/2021;697.4
06/08/2021;697.4
09/08/2021;697.4
10/08/2021;701.6
11/08/2021;704.8
12/08/2021;712
13/08/2021;709.8
16/08/2021;694.9
17/08/2021;690.5
18/08/2021;654.9
19/08/2021;613.1
20/08/2021;620
23/08/2021;636.6
24/08/2021;624.3
25/08/2021;622.1
26/08/2021;621.6
27/08/2021;623.1
30/08/2021;625
31/08/2021;626.8
01/09/2021;646.8
02/09/2021;647
03/09/2021;634.9
06/09/2021;648.7
07/09/2021;653
08/09/2021;648.7
09/09/2021;658.4
10/09/2021;663.5
13/09/2021;657
14/09/2021;646.8
15/09/2021;621.2
16/09/2021;628
17/09/2021;631
20/09/2021;618.7
21/09/2021;636
22/09/2021;643.3
23/09/2021;654.1
24/09/2021;642.9
27/09/2021;637.5
28/09/2021;617.9
29/09/2021;625.5
30/09/2021;620.1
01/10/2021;630
04/10/2021;621.1
05/10/2021;632.5
06/10/2021;624.8
07/10/2021;637.9
08/10/2021;627.7
11/10/2021;631.7
12/10/2021;633.9
13/10/2021;653.9
14/10/2021;667.2
15/10/2021;664.8
18/10/2021;650
19/10/2021;646
20/10/2021;656.1
21/10/2021;659.7
22/10/2021;667.3
25/10/2021;659.8
26/10/2021;665
27/10/2021;664.3
28/10/2021;671.7
29/10/2021;677.2
01/11/2021;683.4
02/11/2021;684.8
03/11/2021;682.5
04/11/2021;692.5
05/11/2021;708.9
08/11/2021;707.4
09/11/2021;707.3
10/11/2021;698.6
11/11/2021;705.4
12/11/2021;722.9
15/11/2021;720.8
16/11/2021;729.7
17/11/2021;726.1
18/11/2021;728.5
19/11/2021;733.5
22/11/2021;728.3
23/11/2021;718.1
24/11/2021;726.1
25/11/2021;734.7
26/11/2021;692
29/11/2021;697.2
30/11/2021;686.6
01/12/2021;697.5
02/12/2021;686.6
03/12/2021;685
06/12/2021;690.1
07/12/2021;725
08/12/2021;714.7
09/12/2021;715
10/12/2021;710
13/12/2021;709
14/12/2021;701.6
15/12/2021;711.9
16/12/2021;713.3
17/12/2021;699
20/12/2021;697.8
21/12/2021;701.5
22/12/2021;715.4
23/12/2021;722
24/12/2021;717.4
27/12/2021;726.3
28/12/2021;730.8
29/12/2021;727.9
30/12/2021;730
31/12/2021;727
03/01/2022;731
04/01/2022;744
05/01/2022;758
06/01/2022;727.1
07/01/2022;715.8
10/01/2022;702.7
11/01/2022;710
12/01/2022;708.7
13/01/2022;690
14/01/2022;675.4
17/01/2022;686.4
18/01/2022;673
19/01/2022;697.7
20/01/2022;703.9
21/01/2022;697.2
24/01/2022;662.8
25/01/2022;667
26/01/2022;683.6
27/01/2022;694
28/01/2022;716.4
31/01/2022;722.6
01/02/2022;732.2
02/02/2022;729.3
03/02/2022;711.7
04/02/2022;706.1
07/02/2022;716.1
08/02/2022;706.1
09/02/2022;716.6
10/02/2022;706.2
11/02/2022;685
14/02/2022;670
15/02/2022;694
16/02/2022;687.6
17/02/2022;684.1
18/02/2022;686.3
21/02/2022;672.2
22/02/2022;669.2
23/02/2022;665.8
24/02/2022;635.9
25/02/2022;666.6
28/02/2022;659.9
01/03/2022;625.8
02/03/2022;638
03/03/2022;617.4
04/03/2022;577.8
07/03/2022;567.8
08/03/2022;550.1
09/03/2022;602.6
10/03/2022;587.9
11/03/2022;594.9
14/03/2022;598.7
15/03/2022;590
16/03/2022;628.9
17/03/2022;629.8
18/03/2022;639.4
21/03/2022;633.2
22/03/2022;643.9
23/03/2022;624.3
24/03/2022;624.7
25/03/2022;626
28/03/2022;635.7
29/03/2022;671.8
30/03/2022;660.5
31/03/2022;649.4
01/04/2022;649.6
04/04/2022;663.9
05/04/2022;660.9
06/04/2022;636.2
07/04/2022;624
08/04/2022;631.7
11/04/2022;619.9
12/04/2022;630.9
13/04/2022;634.1
14/04/2022;640
19/04/2022;634.1
20/04/2022;642.3
21/04/2022;653.4
22/04/2022;639.6
25/04/2022;615.6
26/04/2022;607.3
27/04/2022;616.6
28/04/2022;617.2
29/04/2022;619.5
02/05/2022;606.6
03/05/2022;600.5
04/05/2022;593.3
05/05/2022;574
06/05/2022;561.9
09/05/2022;542.6
10/05/2022;549.5
11/05/2022;573
12/05/2022;565.4
13/05/2022;581.3
16/05/2022;575
17/05/2022;590.1
18/05/2022;578.5
19/05/2022;568.5
20/05/2022;556.6
23/05/2022;560.9
24/05/2022;551.8
25/05/2022;551
26/05/2022;571.2
27/05/2022;593.4
30/05/2022;608.6
31/05/2022;597.2
01/06/2022;597.8
02/06/2022;608.1
03/06/2022;609.1
06/06/2022;613.8
07/06/2022;608.4
08/06/2022;601.7
09/06/2022;587.6
10/06/2022;572.9
13/06/2022;550
14/06/2022;544
15/06/2022;551.8
16/06/2022;539.4
17/06/2022;544.7
20/06/2022;542.5
21/06/2022;553.5
22/06/2022;551.7
23/06/2022;566
24/06/2022;587.4
27/06/2022;580.2
28/06/2022;589.1
29/06/2022;589
30/06/2022;581.7
01/07/2022;580
04/07/2022;585.3
05/07/2022;572
06/07/2022;597.6
07/07/2022;607.6
08/07/2022;606.9
11/07/2022;604.3
12/07/2022;610.7
13/07/2022;606.2
14/07/2022;606.4
15/07/2022;608.4
18/07/2022;614.3
19/07/2022;628.1
20/07/2022;625.7
21/07/2022;633.3
22/07/2022;634.7
25/07/2022;637.4
26/07/2022;625.2
27/07/2022;636
28/07/2022;662.9
29/07/2022;675
01/08/2022;688.3
02/08/2022;679
03/08/2022;685.6
04/08/2022;693
05/08/2022;682.2
08/08/2022;689.1
09/08/2022;679.5
10/08/2022;690
11/08/2022;693.6
12/08/2022;694.5
15/08/2022;699.5
16/08/2022;698.9
17/08/2022;700.4
18/08/2022;706.9
19/08/2022;698.3
22/08/2022;682.6
23/08/2022;679.8
24/08/2022;686.8
25/08/2022;687.7
26/08/2022;669
29/08/2022;662.9
30/08/2022;661.8
31/08/2022;647.5
01/09/2022;632.8
02/09/2022;644.6
05/09/2022;635
06/09/2022;638.1
07/09/2022;641.4
08/09/2022;643.5
09/09/2022;652.3
12/09/2022;658.9
13/09/2022;650.9
14/09/2022;654.2
15/09/2022;641.4
16/09/2022;639.5
19/09/2022;641
20/09/2022;634
21/09/2022;643.6
22/09/2022;624.9
23/09/2022;603.2
26/09/2022;606.8
27/09/2022;604.2
28/09/2022;613.2
29/09/2022;608
30/09/2022;610.4
03/10/2022;608
04/10/2022;646.8
05/10/2022;637.3
06/10/2022;635.1
07/10/2022;618.2
10/10/2022;610.5
11/10/2022;610.5
12/10/2022;621.9
13/10/2022;617.5
14/10/2022;625.2
17/10/2022;637.7
18/10/2022;636.1
19/10/2022;625
20/10/2022;634
21/10/2022;631.5
24/10/2022;635.9
25/10/2022;658
26/10/2022;663
27/10/2022;655.4
28/10/2022;649.3
31/10/2022;639
01/11/2022;650.8
02/11/2022;636.7
03/11/2022;630
04/11/2022;666.2
07/11/2022;656
08/11/2022;657.5
09/11/2022;658
10/11/2022;686.8
11/11/2022;706.2
14/11/2022;700.7
15/11/2022;704.2
16/11/2022;698.6
17/11/2022;696.8
18/11/2022;698.2
21/11/2022;699.3
22/11/2022;697.9
23/11/2022;701.9
24/11/2022;702.2
25/11/2022;700.2
28/11/2022;698.7
29/11/2022;702
30/11/2022;737.3
01/12/2022;721
02/12/2022;715.3
05/12/2022;714.5
06/12/2022;714.2
07/12/2022;712.8
08/12/2022;719
09/12/2022;720.3
12/12/2022;716.2
13/12/2022;726.7
14/12/2022;727.4
15/12/2022;701.6
16/12/2022;693.8
19/12/2022;687.3
20/12/2022;682.9
21/12/2022;691.5
22/12/2022;684
23/12/2022;673.8
27/12/2022;690.2
28/12/2022;686.6
29/12/2022;696.5
30/12/2022;679.9
02/01/2023;694.1
03/01/2023;702.8
04/01/2023;738
05/01/2023;728.4
06/01/2023;748.8
09/01/2023;759.6
10/01/2023;756.3
11/01/2023;772.3
12/01/2023;773.7
13/01/2023;785.3
16/01/2023;792.7
17/01/2023;797.4
18/01/2023;36.24
19/01/2023;776.6
20/01/2023;782.8
23/01/2023;788.1
24/01/2023;794.8
25/01/2023;792.3
26/01/2023;801.6
27/01/2023;801
30/01/2023;798.8
31/01/2023;800
01/02/2023;795.5
02/02/2023;809.1
03/02/2023;829.4
06/02/2023;814.2
07/02/2023;807.4
08/02/2023;800.1
09/02/2023;809.2
10/02/2023;797.6
13/02/2023;810.3
14/02/2023;810.5
15/02/2023;822.6
16/02/2023;823.3
17/02/2023;818.4
20/02/2023;813.6
21/02/2023;808.9
22/02/2023;809.5
23/02/2023;809
24/02/2023;777.3
27/02/2023;794.8
28/02/2023;789
01/03/2023;792.2
02/03/2023;804.3
03/03/2023;815.1
06/03/2023;825
07/03/2023;816.1
08/03/2023;810.4
09/03/2023;805.2
10/03/2023;802.6
13/03/2023;781.7
14/03/2023;800.5
15/03/2023;774.7
16/03/2023;801.7
17/03/2023;787.3
20/03/2023;804.5
21/03/2023;806.7
22/03/2023;814.9
23/03/2023;820.8
24/03/2023;813.4
27/03/2023;817
28/03/2023;814.2
29/03/2023;822
30/03/2023;827
31/03/2023;844.4
03/04/2023;844.1
04/04/2023;851
05/04/2023;844.6
06/04/2023;829.1
11/04/2023;840.7
12/04/2023;836.6
13/04/2023;883.9
14/04/2023;892.8
17/04/2023;873.6
18/04/2023;877.5
19/04/2023;885
20/04/2023;896.5
21/04/2023;901.1
24/04/2023;902
25/04/2023;889.4
26/04/2023;875.4
27/04/2023;877.1
28/04/2023;871
02/05/2023;868.7
03/05/2023;879.2
04/05/2023;873.7
05/05/2023;876.9
08/05/2023;884.5
09/05/2023;880.4
10/05/2023;872.3
11/05/2023;887.6
12/05/2023;885.4
15/05/2023;881.1
16/05/2023;876
17/05/2023;874.4
18/05/2023;872.5
19/05/2023;874.3
22/05/2023;878.2
23/05/2023;834.2
24/05/2023;817.1
25/05/2023;823.4
26/05/2023;843.5
29/05/2023;840
30/05/2023;836
31/05/2023;813.9
01/06/2023;805.8
02/06/2023;830.9
05/06/2023;814
06/06/2023;812.3
07/06/2023;812.7
08/06/2023;818
09/06/2023;820
12/06/2023;834.8
13/06/2023;841.9
14/06/2023;850
15/06/2023;843.7
16/06/2023;868.6
19/06/2023;853.4
20/06/2023;846
21/06/2023;838.3
22/06/2023;839.2
23/06/2023;830.1
26/06/2023;835
27/06/2023;839.6
28/06/2023;849.7
29/06/2023;855
30/06/2023;863
03/07/2023;854.9
04/07/2023;856.7
05/07/2023;847.5
06/07/2023;816
07/07/2023;825.4
10/07/2023;830.9
11/07/2023;849.3
12/07/2023;866.7
13/07/2023;877.3
14/07/2023;892.3
17/07/2023;859
18/07/2023;859.3
19/07/2023;850.4
20/07/2023;854
21/07/2023;867.9
24/07/2023;857.6
25/07/2023;854
26/07/2023;810
27/07/2023;840.3
28/07/2023;841.2
31/07/2023;848.1
01/08/2023;829
02/08/2023;813.5
03/08/2023;811.2
04/08/2023;816
07/08/2023;817.4
08/08/2023;807.2
09/08/2023;807
10/08/2023;834.7
11/08/2023;820.4
14/08/2023;816.2
15/08/2023;804.1
16/08/2023;802.9
17/08/2023;785.1
18/08/2023;776.9
21/08/2023;783.9
22/08/2023;790.2
23/08/2023;790.4
24/08/2023;783.7
25/08/2023;785.3
28/08/2023;798.5
29/08/2023;810
30/08/2023;804
31/08/2023;782.2
01/09/2023;775.8
04/09/2023;772.6
05/09/2023;759.1
06/09/2023;731.5
07/09/2023;724.1
08/09/2023;740
11/09/2023;742.2
12/09/2023;734.4
13/09/2023;729.6
14/09/2023;742.6
15/09/2023;761.2
18/09/2023;742.5
19/09/2023;736.8
20/09/2023;736.7
21/09/2023;729.3
22/09/2023;732.3
25/09/2023;713.3
26/09/2023;703
27/09/2023;698.7
28/09/2023;706
29/09/2023;716.4
02/10/2023;714.9
03/10/2023;705.3
04/10/2023;712.5
05/10/2023;720.6
06/10/2023;729.7
09/10/2023;710.7
10/10/2023;733.5
11/10/2023;686.1
12/10/2023;675
13/10/2023;660.6
16/10/2023;667.1
17/10/2023;668.4
18/10/2023;667.7
19/10/2023;670.6
20/10/2023;664
23/10/2023;669.4
24/10/2023;681
25/10/2023;679.1
26/10/2023;668.4
27/10/2023;661.4
30/10/2023;671
31/10/2023;674.5
01/11/2023;675.3
02/11/2023;701.1
03/11/2023;702.8
06/11/2023;697.2
07/11/2023;697.5
08/11/2023;703.5
09/11/2023;714.4
10/11/2023;687.1
13/11/2023;688.5
14/11/2023;706.9
15/11/2023;719
16/11/2023;706.1
17/11/2023;711.6
20/11/2023;717.7
21/11/2023;704.1
22/11/2023;712.3
23/11/2023;711.6
24/11/2023;706.9
27/11/2023;697.3
28/11/2023;684.5
29/11/2023;690.5
30/11/2023;702.7
01/12/2023;699.2
04/12/2023;698.7
05/12/2023;713.2
06/12/2023;718.6
07/12/2023;715.6
08/12/2023;739.1
11/12/2023;740
12/12/2023;733.6
13/12/2023;734.5
14/12/2023;746.8
15/12/2023;748.4
18/12/2023;741.8
19/12/2023;745.5
20/12/2023;746.9
21/12/2023;743.4
22/12/2023;737.7
27/12/2023;735.4
28/12/2023;731
29/12/2023;733.6
02/01/2024;723
03/01/2024;695.4
04/01/2024;697.8
05/01/2024;688.9
08/01/2024;691.3
09/01/2024;680.7
10/01/2024;683
11/01/2024;672.2
12/01/2024;669.9
15/01/2024;669.2
16/01/2024;666.3
17/01/2024;647.4
18/01/2024;663.4
19/01/2024;659.4
22/01/2024;662.9
23/01/2024;670.4
24/01/2024;683.4
25/01/2024;685.3
26/01/2024;773.1
29/01/2024;776.3
30/01/2024;782
31/01/2024;773.6
01/02/2024;770.6
02/02/2024;778.1
05/02/2024;780.7
06/02/2024;779.5
07/02/2024;784.1
08/02/2024;804.5
09/02/2024;807.5
12/02/2024;821.9
13/02/2024;800.8
14/02/2024;802.6
15/02/2024;815.6
16/02/2024;815.8
19/02/2024;821.9
20/02/2024;820.2
21/02/2024;821.6
22/02/2024;840.4
23/02/2024;850.1
26/02/2024;842.2
27/02/2024;850.4
28/02/2024;847.7
29/02/2024;842.8
01/03/2024;846.4
04/03/2024;839.8
05/03/2024;829.1
06/03/2024;832.6
07/03/2024;839.8
08/03/2024;844.9
11/03/2024;850.4
12/03/2024;859
13/03/2024;867.2
14/03/2024;872.8
15/03/2024;862.3
18/03/2024;858.1
19/03/2024;860.2
20/03/2024;846.2
21/03/2024;847.9
22/03/2024;828.6
25/03/2024;825.5
26/03/2024;821.8
27/03/2024;830.3
28/03/2024;833.7
02/04/2024;821.8
03/04/2024;816
04/04/2024;819.4
05/04/2024;799.8
08/04/2024;807.3
09/04/2024;795.2
10/04/2024;793
11/04/2024;790.5
12/04/2024;781.2
15/04/2024;794.8
16/04/2024;781.8
17/04/2024;804
18/04/2024;796.8
19/04/2024;796.6
22/04/2024;796.8
23/04/2024;799.6
24/04/2024;800.2
25/04/2024;778
26/04/2024;792.2
29/04/2024;779.2
30/04/2024;774.4
02/05/2024;767
03/05/2024;782
06/05/2024;781.7
07/05/2024;789.4
08/05/2024;787.9
09/05/2024;789
10/05/2024;788.4
13/05/2024;782.6
14/05/2024;791.9
15/05/2024;789
16/05/2024;786
17/05/2024;783.2
20/05/2024;779.1
21/05/2024;768.1
22/05/2024;751.9
23/05/2024;752.8
24/05/2024;750
27/05/2024;756.2
28/05/2024;745.4
29/05/2024;724.2
30/05/2024;734.4
31/05/2024;734.9
03/06/2024;738
04/06/2024;735
05/06/2024;752.6
06/06/2024;762.7
07/06/2024;762.5
10/06/2024;746.3
11/06/2024;736.6
12/06/2024;735.4
13/06/2024;731.5
14/06/2024;711.4
17/06/2024;717.4
18/06/2024;710.1
19/06/2024;707
20/06/2024;713.6
21/06/2024;717.3
24/06/2024;726.5
25/06/2024;736.8
26/06/2024;727
27/06/2024;715.5
28/06/2024;713.6
01/07/2024;712
02/07/2024;709.6
03/07/2024;714.8
04/07/2024;719.8
05/07/2024;716.4
08/07/2024;695.7
09/07/2024;686.9
10/07/2024;697.6
11/07/2024;710
12/07/2024;724.8
15/07/2024;705.6
16/07/2024;692.1
17/07/2024;690.2
18/07/2024;690.3
19/07/2024;679.8
22/07/2024;692.1
23/07/2024;691.6
24/07/2024;659.4
25/07/2024;652.6
26/07/2024;663.1
29/07/2024;654.7
30/07/2024;652.4
31/07/2024;653
01/08/2024;642
02/08/2024;630.5
05/08/2024;624.3
06/08/2024;621.9
07/08/2024;631.4
08/08/2024;633.3
09/08/2024;636
12/08/2024;635.1
13/08/2024;634.2
14/08/2024;644.2
15/08/2024;656
16/08/2024;658.1
19/08/2024;674.5
20/08/2024;677.8
21/08/2024;678.8
22/08/2024;678
23/08/2024;681.1
26/08/2024;682
27/08/2024;669.8
28/08/2024;666.2
29/08/2024;677.4
30/08/2024;674.3
02/09/2024;673.2
03/09/2024;670.9
04/09/2024;642.6
05/09/2024;619.2
06/09/2024;612
09/09/2024;616.2
10/09/2024;612.4
11/09/2024;607
12/09/2024;606.8
13/09/2024;608.1
16/09/2024;603.6
17/09/2024;607.7
18/09/2024;595.9
19/09/2024;614
20/09/2024;591.9
23/09/2024;595.1
24/09/2024;614.1
25/09/2024;617.5
26/09/2024;678.5
27/09/2024;703.4
30/09/2024;688.5
01/10/2024;664
02/10/2024;668.4
03/10/2024;661
04/10/2024;661.9
07/10/2024;685.5
08/10/2024;655.5
09/10/2024;656.4
10/10/2024;655
11/10/2024;653.1
14/10/2024;637.8
15/10/2024;625.4
16/10/2024;602.4
17/10/2024;609.4
18/10/2024;623.2
21/10/2024;611
22/10/2024;616
23/10/2024;613.6
24/10/2024;628.7
25/10/2024;627
28/10/2024;632.1
29/10/2024;630.9
30/10/2024;618.1
31/10/2024;609.8
01/11/2024;611
04/11/2024;606.7
05/11/2024;602.6
06/11/2024;603.1
07/11/2024;619
08/11/2024;598.4
11/11/2024;599.5
12/11/2024;572.4
13/11/2024;574
14/11/2024;584.4
15/11/2024;586.3
18/11/2024;588.6
19/11/2024;577.3
20/11/2024;575.4
21/11/2024;574.9
22/11/2024;583
25/11/2024;592.5
26/11/2024;596
27/11/2024;590.1
28/11/2024;586.5
29/11/2024;592.5
02/12/2024;606.1
03/12/2024;609.2
04/12/2024;610.2
05/12/2024;609.2
06/12/2024;630.4
09/12/2024;652.6
10/12/2024;636
11/12/2024;643.8
12/12/2024;646
13/12/2024;639
16/12/2024;631.2
17/12/2024;635.6
18/12/2024;636.5
19/12/2024;627.5
20/12/2024;628.1
23/12/2024;629.2
24/12/2024;630.8
27/12/2024;635.6
30/12/2024;629.3
31/12/2024;635.5
02/01/2025;635.4
03/01/2025;611.3
06/01/2025;634.6
07/01/2025;644.5
08/01/2025;635.7
09/01/2025;648
10/01/2025;645
13/01/2025;646.4
14/01/2025;651
15/01/2025;637.2
16/01/2025;695.5
17/01/2025;690.1
20/01/2025;683.1
21/01/2025;701.3
22/01/2025;713.8
23/01/2025;720.6
24/01/2025;734.1
27/01/2025;754.8
28/01/2025;750.6
29/01/2025;713.2
30/01/2025;715.8
31/01/2025;703.5
03/02/2025;690.1
04/02/2025;692.7
05/02/2025;686
06/02/2025;696.9
07/02/2025;684.2
10/02/2025;685.3
11/02/2025;685.2
12/02/2025;687.8
13/02/2025;707.2
14/02/2025;713
17/02/2025;701.5
18/02/2025;705.1
19/02/2025;690.9
20/02/2025;695.5
21/02/2025;702.4
24/02/2025;692.1
25/02/2025;684.2
26/02/2025;700.3
27/02/2025;693.1
28/02/2025;694.9
03/03/2025;690.8
04/03/2025;667.4
05/03/2025;664.3
06/03/2025;653
07/03/2025;634.7
10/03/2025;630.3
11/03/2025;620.8
12/03/2025;611.8
13/03/2025;605
14/03/2025;605.1
17/03/2025;609.7
18/03/2025;610
19/03/2025;610.6
20/03/2025;604.5
21/03/2025;602.5
24/03/2025;596.3
25/03/2025;598.3
26/03/2025;594.5
27/03/2025;589.1
28/03/2025;587.1
31/03/2025;571.7
01/04/2025;575.1
02/04/2025;575.2
03/04/2025;542.9
04/04/2025;530
07/04/2025;507.6
08/04/2025;519.8
09/04/2025;498.4
10/04/2025;524.2
11/04/2025;524.4
14/04/2025;530.1
15/04/2025;488.65
16/04/2025;485.2
17/04/2025;485.6
22/04/2025;487.3
23/04/2025;500.3
24/04/2025;499.7
25/04/2025;498.8
28/04/2025;502
29/04/2025;489.3
30/04/2025;487.9
02/05/2025;495.85
05/05/2025;492.25
06/05/2025;489.1
07/05/2025;483.5
08/05/2025;487.3
09/05/2025;495.75
12/05/2025;530.5
13/05/2025;536.9
14/05/2025;525.2
15/05/2025;507.3
16/05/2025;503.9
19/05/2025;498.6
20/05/2025;504.9
21/05/2025;493.65
22/05/2025;485.1
23/05/2025;479
26/05/2025;483.45
27/05/2025;481.9
28/05/2025;483.65
29/05/2025;481.25
30/05/2025;478.25
02/06/2025;477.2
03/06/2025;473.6
04/06/2025;476.65
05/06/2025;470.1
06/06/2025;471.25
09/06/2025;471.55
10/06/2025;474.85
11/06/2025;470.6
12/06/2025;468.85
13/06/2025;461.4
16/06/2025;467.35
17/06/2025;460.7
18/06/2025;464.05
19/06/2025;452.55
20/06/2025;449.95
23/06/2025;449.8
24/06/2025;453.55
25/06/2025;444.8
26/06/2025;437.55
27/06/2025;449.3
30/06/2025;444.6
01/07/2025;469.05
02/07/2025;488.5
03/07/2025;485.9
04/07/2025;477.35
07/07/2025;475.35
08/07/2025;482.65
09/07/2025;487.85
10/07/2025;505
11/07/2025;487.7
14/07/2025;479.55
15/07/2025;477.35
16/07/2025;475.6
17/07/2025;5.25
18/07/2025;472.75
21/07/2025;468.8
22/07/2025;465.55
23/07/2025;479.95
24/07/2025;470.25
25/07/2025;488.7
28/07/2025;489.2
29/07/2025;474.8
30/07/2025;480.75
31/07/2025;472.35
01/08/2025;461.65
04/08/2025;462.3
05/08/2025;456.5
06/08/2025;457.7
07/08/2025;461.1
08/08/2025;461.35
11/08/2025;458
12/08/2025;457.15
13/08/2025;469.6
14/08/2025;472.9
15/08/2025;476.1
18/08/2025;475.85
19/08/2025;489.9
20/08/2025;493.55
21/08/2025;485
22/08/2025;495.1
25/08/2025;488.05
26/08/2025;486.25
27/08/2025;502
28/08/2025;513.1
29/08/2025;504.1
01/09/2025;503.7
02/09/2025;513
03/09/2025;520.8
04/09/2025;499.1
05/09/2025;496.25
08/09/2025;496.15
09/09/2025;492
10/09/2025;489.75
11/09/2025;487.35
12/09/2025;490.65
15/09/2025;504.2
16/09/2025;507.7
17/09/2025;511.3
18/09/2025;517.6
19/09/2025;510.6
22/09/2025;507
23/09/2025;523.2
24/09/2025;509.1
25/09/2025;506.8
26/09/2025;515.7
29/09/2025;523.1
30/09/2025;520.5
01/10/2025;524
02/10/2025;542.9
03/10/2025;553.1
06/10/2025;540.4
07/10/2025;560
08/10/2025;575.5
09/10/2025;559.2
10/10/2025;546
13/10/2025;540.4
14/10/2025;532.8
15/10/2025;597.9
16/10/2025;602.2
17/10/2025;605.7
20/10/2025;612.1
21/10/2025;616.922
22/10/2025;623.2
23/10/2025;620.8
24/10/2025;612.5
27/10/2025;599.4
28/10/2025;614.6
29/10/2025;618.8
30/10/2025;610.1
31/10/2025;612.1
03/11/2025;616.8
04/11/2025;611.2
05/11/2025;612.8
06/11/2025;600
07/11/2025;603.2
10/11/2025;617.9
11/11/2025;632.9
12/11/2025;647.2
13/11/2025;636.8
14/11/2025;637
17/11/2025;624
18/11/2025;611.3
19/11/2025;609.6
20/11/2025;619.6
21/11/2025;623
24/11/2025;621.7
25/11/2025;619.3
26/11/2025;625.4
27/11/2025;627.4
28/11/2025;635.5
01/12/2025;642.7
02/12/2025;636.2
03/12/2025;630.3
04/12/2025;633.1
05/12/2025;628.1
08/12/2025;625.2
09/12/2025;616.3
10/12/2025;618.8
11/12/2025;625.2
12/12/2025;624.5
15/12/2025;626.1
16/12/2025;636.5
17/12/2025;631.7
18/12/2025;637.4
19/12/2025;631.7
22/12/2025;627.7
23/12/2025;627.3
24/12/2025;632.1
29/12/2025;633.2
30/12/2025;639.3
31/12/2025;645
02/01/2026;641.8
05/01/2026;642.8
06/01/2026;644.4
07/01/2026;629.3
08/01/2026;634.5
09/01/2026;652.1
12/01/2026;648.3
13/01/2026;646.6
14/01/2026;637.9
15/01/2026;625.7
16/01/2026;609.2
19/01/2026;582.8
20/01/2026;570
21/01/2026;585.2
22/01/2026;596.5
